Wk,Day,Date,Time,Home,Score,Away,Attendance,Venue,Referee,Match Report,Notes
1,Fri,2015-08-21,20:30 (00:00),Málaga,0–0,Sevilla,30372,Estadio La Rosaleda,Alfonso Álvarez,Match Report,
1,Sat,2015-08-22,18:30 (22:00),Espanyol,1–0,Getafe,16248,RCDE Stadium,Jesús Gil,Match Report,
1,Sat,2015-08-22,18:30 (22:00),La Coruña,0–0,Real Sociedad,23306,Estadio Municipal de Riazor,Antonio Matéu Lahoz,Match Report,
1,Sat,2015-08-22,20:30 (00:00),Atlético Madrid,1–0,Las Palmas,45107,Estadio Vicente Calderón,Eduardo Prieto,Match Report,
1,Sat,2015-08-22,22:30 (02:00),Rayo Vallecano,0–0,Valencia,9608,Estadio del Rayo Vallecano,Alberto Undiano,Match Report,
1,Sun,2015-08-23,18:30 (22:00),Athletic Club,0–1,Barcelona,44737,San Mamés,Carlos del Cerro,Match Report,
1,Sun,2015-08-23,20:30 (00:00),Sporting Gijón,0–0,Real Madrid,28105,Estadio Municipal El Molinón,Javier Estrada,Match Report,
1,Sun,2015-08-23,22:00 (01:30),Levante,1–2,Celta Vigo,11701,Estadio Ciudad de Valencia,Ricardo de Burgos,Match Report,
1,Sun,2015-08-23,22:30 (02:00),Betis,1–1,Villarreal,38572,Estadio Benito Villamarín,Iñaki Bikandi,Match Report,
1,Mon,2015-08-24,20:30 (00:00),Granada,1–3,Eibar,14795,Estadio Nuevo Los Cármenes,Ignacio Iglesias,Match Report,
2,Fri,2015-08-28,20:30 (00:00),Villarreal,3–1,Espanyol,17650,Estadio de la Cerámica,Carlos Velasco,Match Report,
2,Sat,2015-08-29,18:30 (22:00),Real Sociedad,0–0,Sporting Gijón,22478,Estadio Municipal de Anoeta,José Sánchez,Match Report,
2,Sat,2015-08-29,20:30 (00:00),Barcelona,1–0,Málaga,80812,Camp Nou,Santiago Jaime,Match Report,
2,Sat,2015-08-29,22:00 (01:30),Celta Vigo,3–0,Rayo Vallecano,17606,Estadio de Balaídos,Juan Martínez,Match Report,
2,Sat,2015-08-29,22:30 (02:00),Real Madrid,5–0,Betis,70876,Estadio Santiago Bernabéu,Alejandro Hernández,Match Report,
2,Sun,2015-08-30,18:30 (22:00),Eibar,2–0,Athletic Club,5509,Estadio Municipal de Ipurúa,David Fernández,Match Report,
2,Sun,2015-08-30,20:30 (00:00),Sevilla,0–3,Atlético Madrid,38976,Estadio Ramón Sánchez Pizjuán,Carlos Clos Gómez,Match Report,
2,Sun,2015-08-30,20:30 (00:00),Valencia,1–1,La Coruña,42000,Estadio de Mestalla,José González,Match Report,
2,Sun,2015-08-30,21:30 (02:00),Las Palmas,0–0,Levante,19057,Estadio de Gran Canaria,Pedro Pérez,Match Report,
2,Sun,2015-08-30,22:30 (02:00),Getafe,1–2,Granada,6000,Coliseum Alfonso Pérez,Eduardo Prieto,Match Report,
3,Fri,2015-09-11,20:30 (00:00),Levante,1–1,Sevilla,16568,Estadio Ciudad de Valencia,Ignacio Iglesias,Match Report,
3,Sat,2015-09-12,16:00 (19:30),Espanyol,0–6,Real Madrid,32155,RCDE Stadium,Iñaki Bikandi,Match Report,
3,Sat,2015-09-12,18:15 (21:45),Sporting Gijón,0–1,Valencia,23206,Estadio Municipal El Molinón,Carlos del Cerro,Match Report,
3,Sat,2015-09-12,20:30 (00:00),Atlético Madrid,1–2,Barcelona,53491,Estadio Vicente Calderón,Antonio Matéu Lahoz,Match Report,
3,Sat,2015-09-12,22:00 (01:30),Betis,1–0,Real Sociedad,38768,Estadio Benito Villamarín,Alfonso Álvarez,Match Report,
3,Sun,2015-09-13,12:00 (15:30),Granada,1–3,Villarreal,13954,Estadio Nuevo Los Cármenes,Jesús Gil,Match Report,
3,Sun,2015-09-13,16:00 (19:30),Athletic Club,3–1,Getafe,39003,San Mamés,Pedro Pérez,Match Report,
3,Sun,2015-09-13,18:15 (21:45),Celta Vigo,3–3,Las Palmas,19048,Estadio de Balaídos,Javier Estrada,Match Report,
3,Sun,2015-09-13,20:30 (00:00),Málaga,0–0,Eibar,19836,Estadio La Rosaleda,Alberto Undiano,Match Report,
3,Mon,2015-09-14,20:30 (00:00),Rayo Vallecano,1–3,La Coruña,12005,Estadio del Rayo Vallecano,Ricardo de Burgos,Match Report,
4,Fri,2015-09-18,20:30 (00:00),Getafe,1–0,Málaga,5808,Coliseum Alfonso Pérez,José Sánchez,Match Report,
4,Sat,2015-09-19,16:00 (19:30),Real Madrid,1–0,Granada,71786,Estadio Santiago Bernabéu,Juan Martínez,Match Report,
4,Sat,2015-09-19,18:15 (21:45),Valencia,0–0,Betis,40560,Estadio de Mestalla,Carlos Velasco,Match Report,
4,Sat,2015-09-19,20:30 (00:00),Eibar,0–2,Atlético Madrid,5126,Estadio Municipal de Ipurúa,Alejandro Hernández,Match Report,
4,Sat,2015-09-19,22:00 (01:30),Real Sociedad,2–3,Espanyol,17481,Estadio Municipal de Anoeta,Pedro Pérez,Match Report,
4,Sun,2015-09-20,12:00 (15:30),Sevilla,1–2,Celta Vigo,35744,Estadio Ramón Sánchez Pizjuán,Santiago Jaime,Match Report,
4,Sun,2015-09-20,16:00 (19:30),La Coruña,2–3,Sporting Gijón,25801,Estadio Municipal de Riazor,Eduardo Prieto,Match Report,
4,Sun,2015-09-20,18:15 (21:45),Villarreal,3–1,Athletic Club,19832,Estadio de la Cerámica,Carlos Clos Gómez,Match Report,
4,Sun,2015-09-20,19:30 (00:00),Las Palmas,0–1,Rayo Vallecano,19324,Estadio de Gran Canaria,José González,Match Report,
4,Sun,2015-09-20,20:30 (00:00),Barcelona,4–1,Levante,76013,Camp Nou,David Fernández,Match Report,
5,Tue,2015-09-22,20:00 (23:30),Espanyol,1–0,Valencia,18231,RCDE Stadium,Ignacio Iglesias,Match Report,
5,Tue,2015-09-22,20:00 (23:30),Atlético Madrid,2–0,Getafe,41152,Estadio Vicente Calderón,Alfonso Álvarez,Match Report,
5,Tue,2015-09-22,22:00 (01:30),Granada,0–3,Real Sociedad,12668,Estadio Nuevo Los Cármenes,Javier Estrada,Match Report,
5,Wed,2015-09-23,20:00 (23:30),Celta Vigo,4–1,Barcelona,23311,Estadio de Balaídos,Alberto Undiano,Match Report,
5,Wed,2015-09-23,20:00 (23:30),Rayo Vallecano,2–1,Sporting Gijón,11067,Estadio del Rayo Vallecano,Iñaki Bikandi,Match Report,
5,Wed,2015-09-23,20:00 (23:30),Levante,2–2,Eibar,10929,Estadio Ciudad de Valencia,Carlos Velasco,Match Report,
5,Wed,2015-09-23,21:00 (00:30),Athletic Club,1–2,Real Madrid,43387,San Mamés,Antonio Matéu Lahoz,Match Report,
5,Wed,2015-09-23,21:00 (01:30),Las Palmas,2–0,Sevilla,19733,Estadio de Gran Canaria,Carlos del Cerro,Match Report,
5,Wed,2015-09-23,22:00 (01:30),Málaga,0–1,Villarreal,18647,Estadio La Rosaleda,Ricardo de Burgos,Match Report,
5,Thu,2015-09-24,22:00 (01:30),Betis,1–2,La Coruña,37051,Estadio Benito Villamarín,Jesús Gil,Match Report,
6,Fri,2015-09-25,20:30 (00:00),Valencia,1–0,Granada,41124,Estadio de Mestalla,Carlos Clos Gómez,Match Report,
6,Sat,2015-09-26,16:00 (19:30),Barcelona,2–1,Las Palmas,74196,Camp Nou,Ricardo de Burgos,Match Report,
6,Sat,2015-09-26,18:15 (21:45),Real Madrid,0–0,Málaga,75361,Estadio Santiago Bernabéu,José González,Match Report,
6,Sat,2015-09-26,20:30 (00:00),Villarreal,1–0,Atlético Madrid,20087,Estadio de la Cerámica,David Fernández,Match Report,
6,Sat,2015-09-26,20:30 (00:00),Sevilla,3–2,Rayo Vallecano,33709,Estadio Ramón Sánchez Pizjuán,Alejandro Hernández,Match Report,
6,Sat,2015-09-26,22:00 (01:30),Eibar,1–1,Celta Vigo,4880,Estadio Municipal de Ipurúa,Pedro Pérez,Match Report,
6,Sun,2015-09-27,12:00 (15:30),Sporting Gijón,1–2,Betis,23250,Estadio Municipal El Molinón,Juan Martínez,Match Report,
6,Sun,2015-09-27,16:00 (19:30),La Coruña,3–0,Espanyol,21753,Estadio Municipal de Riazor,José Sánchez,Match Report,
6,Sun,2015-09-27,18:15 (21:45),Getafe,3–0,Levante,5934,Coliseum Alfonso Pérez,Santiago Jaime,Match Report,
6,Sun,2015-09-27,20:30 (00:00),Real Sociedad,0–0,Athletic Club,26310,Estadio Municipal de Anoeta,Carlos Velasco,Match Report,
7,Fri,2015-10-02,20:30 (00:00),Celta Vigo,0–0,Getafe,18154,Estadio de Balaídos,Eduardo Prieto,Match Report,
7,Sat,2015-10-03,16:00 (19:30),Sevilla,2–1,Barcelona,39374,Estadio Ramón Sánchez Pizjuán,Jesús Gil,Match Report,
7,Sat,2015-10-03,18:15 (21:45),Granada,1–1,La Coruña,14168,Estadio Nuevo Los Cármenes,Iñaki Bikandi,Match Report,
7,Sat,2015-10-03,20:30 (00:00),Espanyol,1–2,Sporting Gijón,16947,RCDE Stadium,Carlos Clos Gómez,Match Report,
7,Sat,2015-10-03,21:00 (01:30),Las Palmas,0–2,Eibar,18577,Estadio de Gran Canaria,Antonio Matéu Lahoz,Match Report,
7,Sat,2015-10-03,22:05 (01:35),Málaga,3–1,Real Sociedad,17175,Estadio La Rosaleda,Carlos del Cerro,Match Report,
7,Sun,2015-10-04,12:00 (15:30),Rayo Vallecano,0–2,Betis,11820,Estadio del Rayo Vallecano,Ignacio Iglesias,Match Report,
7,Sun,2015-10-04,16:00 (19:30),Athletic Club,3–1,Valencia,41412,San Mamés,Javier Estrada,Match Report,
7,Sun,2015-10-04,18:15 (21:45),Levante,1–0,Villarreal,20038,Estadio Ciudad de Valencia,Alfonso Álvarez,Match Report,
7,Sun,2015-10-04,20:30 (00:00),Atlético Madrid,1–1,Real Madrid,53079,Estadio Vicente Calderón,Alberto Undiano,Match Report,
8,Sat,2015-10-17,16:00 (19:30),Real Madrid,3–0,Levante,74779,Estadio Santiago Bernabéu,José Sánchez,Match Report,
8,Sat,2015-10-17,18:15 (21:45),Eibar,1–1,Sevilla,5568,Estadio Municipal de Ipurúa,Juan Martínez,Match Report,
8,Sat,2015-10-17,20:30 (00:00),Barcelona,5–2,Rayo Vallecano,75472,Camp Nou,Pedro Pérez,Match Report,
8,Sat,2015-10-17,22:00 (01:30),Valencia,3–0,Málaga,35756,Estadio de Mestalla,Alejandro Hernández,Match Report,
8,Sat,2015-10-17,22:05 (01:35),Betis,1–3,Espanyol,31652,Estadio Benito Villamarín,Ricardo de Burgos,Match Report,
8,Sun,2015-10-18,12:00 (15:30),Villarreal,1–2,Celta Vigo,18219,Estadio de la Cerámica,José González,Match Report,
8,Sun,2015-10-18,16:00 (19:30),Real Sociedad,0–2,Atlético Madrid,25644,Estadio Municipal de Anoeta,Ignacio Iglesias,Match Report,
8,Sun,2015-10-18,18:15 (21:45),Getafe,4–0,Las Palmas,5875,Coliseum Alfonso Pérez,David Fernández,Match Report,
8,Sun,2015-10-18,20:30 (00:00),La Coruña,2–2,Athletic Club,26239,Estadio Municipal de Riazor,Santiago Jaime,Match Report,
8,Mon,2015-10-19,20:30 (00:00),Sporting Gijón,3–3,Granada,19905,Estadio Municipal El Molinón,Alfonso Álvarez,Match Report,
9,Fri,2015-10-23,20:30 (00:00),Rayo Vallecano,3–0,Espanyol,10480,Estadio del Rayo Vallecano,Eduardo Prieto,Match Report,
9,Sat,2015-10-24,16:00 (19:30),Celta Vigo,1–3,Real Madrid,25494,Estadio de Balaídos,Carlos Clos Gómez,Match Report,
9,Sat,2015-10-24,18:15 (21:45),Granada,1–1,Betis,18293,Estadio Nuevo Los Cármenes,Antonio Matéu Lahoz,Match Report,
9,Sat,2015-10-24,20:30 (00:00),Sevilla,5–0,Getafe,34595,Estadio Ramón Sánchez Pizjuán,Iñaki Bikandi,Match Report,
9,Sat,2015-10-24,22:05 (01:35),Málaga,2–0,La Coruña,20664,Estadio La Rosaleda,Carlos Velasco,Match Report,
9,Sun,2015-10-25,12:00 (16:30),Levante,0–4,Real Sociedad,14270,Estadio Ciudad de Valencia,Alberto Undiano,Match Report,
9,Sun,2015-10-25,15:00 (20:30),Las Palmas,0–0,Villarreal,18517,Estadio de Gran Canaria,Javier Estrada,Match Report,
9,Sun,2015-10-25,18:15 (22:45),Barcelona,3–1,Eibar,78228,Camp Nou,Carlos del Cerro,Match Report,
9,Sun,2015-10-25,20:30 (01:00),Atlético Madrid,2–1,Valencia,47075,Estadio Vicente Calderón,Jesús Gil,Match Report,
9,Mon,2015-10-26,20:30 (01:00),Athletic Club,3–0,Sporting Gijón,40477,San Mamés,Ignacio Iglesias,Match Report,
10,Fri,2015-10-30,20:30 (01:00),La Coruña,1–1,Atlético Madrid,24608,Estadio Municipal de Riazor,Pedro Pérez,Match Report,
10,Sat,2015-10-31,16:00 (20:30),Real Madrid,3–1,Las Palmas,72387,Estadio Santiago Bernabéu,Santiago Jaime,Match Report,
10,Sat,2015-10-31,18:15 (22:45),Valencia,3–0,Levante,39069,Estadio de Mestalla,Ricardo de Burgos,Match Report,
10,Sat,2015-10-31,18:15 (22:45),Villarreal,2–1,Sevilla,16730,Estadio de la Cerámica,José Sánchez,Match Report,
10,Sat,2015-10-31,20:30 (01:00),Getafe,0–2,Barcelona,10089,Coliseum Alfonso Pérez,Juan Martínez,Match Report,
10,Sat,2015-10-31,22:05 (02:35),Real Sociedad,2–3,Celta Vigo,19927,Estadio Municipal de Anoeta,David Fernández,Match Report,
10,Sun,2015-11-01,12:00 (16:30),Eibar,1–0,Rayo Vallecano,5353,Estadio Municipal de Ipurúa,Alfonso Álvarez,Match Report,
10,Sun,2015-11-01,16:00 (20:30),Espanyol,1–1,Granada,18890,RCDE Stadium,Alejandro Hernández,Match Report,
10,Sun,2015-11-01,18:15 (22:45),Sporting Gijón,1–0,Málaga,22506,Estadio Municipal El Molinón,Antonio Matéu Lahoz,Match Report,
10,Sun,2015-11-01,20:30 (01:00),Betis,1–3,Athletic Club,25872,Estadio Benito Villamarín,José González,Match Report,
11,Fri,2015-11-06,19:30 (01:00),Las Palmas,2–0,Real Sociedad,18461,Estadio de Gran Canaria,Carlos Velasco,Match Report,
11,Sat,2015-11-07,16:00 (20:30),Celta Vigo,1–5,Valencia,22131,Estadio de Balaídos,Iñaki Bikandi,Match Report,
11,Sat,2015-11-07,18:15 (22:45),Levante,1–1,La Coruña,13771,Estadio Ciudad de Valencia,Carlos del Cerro,Match Report,
11,Sat,2015-11-07,20:30 (01:00),Eibar,3–1,Getafe,5327,Estadio Municipal de Ipurúa,Ignacio Iglesias,Match Report,
11,Sat,2015-11-07,20:30 (01:00),Rayo Vallecano,2–1,Granada,10142,Estadio del Rayo Vallecano,Jesús Gil,Match Report,
11,Sat,2015-11-07,22:05 (02:35),Málaga,0–1,Betis,23699,Estadio La Rosaleda,Eduardo Prieto,Match Report,
11,Sun,2015-11-08,12:00 (16:30),Athletic Club,2–1,Espanyol,44082,San Mamés,Alberto Undiano,Match Report,
11,Sun,2015-11-08,16:00 (20:30),Barcelona,3–0,Villarreal,74109,Camp Nou,Carlos Clos Gómez,Match Report,
11,Sun,2015-11-08,18:15 (22:45),Atlético Madrid,1–0,Sporting Gijón,49323,Estadio Vicente Calderón,Javier Estrada,Match Report,
11,Sun,2015-11-08,20:30 (01:00),Sevilla,3–2,Real Madrid,40377,Estadio Ramón Sánchez Pizjuán,José González,Match Report,
12,Sat,2015-11-21,16:00 (20:30),Real Sociedad,2–0,Sevilla,19865,Estadio Municipal de Anoeta,Antonio Matéu Lahoz,Match Report,
12,Sat,2015-11-21,18:15 (22:45),Real Madrid,0–4,Barcelona,80500,Estadio Santiago Bernabéu,David Fernández,Match Report,
12,Sat,2015-11-21,20:30 (01:00),Espanyol,2–0,Málaga,13293,RCDE Stadium,Juan Martínez,Match Report,
12,Sat,2015-11-21,22:00 (02:30),Valencia,1–1,Las Palmas,32078,Estadio de Mestalla,Pedro Pérez,Match Report,
12,Sat,2015-11-21,22:05 (02:35),La Coruña,2–0,Celta Vigo,30666,Estadio Municipal de Riazor,Alfonso Álvarez,Match Report,
12,Sun,2015-11-22,12:00 (16:30),Sporting Gijón,0–3,Levante,19870,Estadio Municipal El Molinón,Mario Melero,Match Report,
12,Sun,2015-11-22,16:00 (20:30),Villarreal,1–1,Eibar,16770,Estadio de la Cerámica,Eduardo Prieto,Match Report,
12,Sun,2015-11-22,18:15 (22:45),Granada,2–0,Athletic Club,12979,Estadio Nuevo Los Cármenes,Carlos del Cerro,Match Report,
12,Sun,2015-11-22,20:30 (01:00),Betis,0–1,Atlético Madrid,41976,Estadio Benito Villamarín,Santiago Jaime,Match Report,
12,Mon,2015-11-23,20:30 (01:00),Getafe,1–1,Rayo Vallecano,5088,Coliseum Alfonso Pérez,Ricardo de Burgos,Match Report,
13,Fri,2015-11-27,20:30 (01:00),Levante,0–1,Betis,13957,Estadio Ciudad de Valencia,José Sánchez,Match Report,
13,Sat,2015-11-28,16:00 (20:30),Barcelona,4–0,Real Sociedad,74020,Camp Nou,Ignacio Iglesias,Match Report,
13,Sat,2015-11-28,18:15 (22:45),Atlético Madrid,1–0,Espanyol,44893,Estadio Vicente Calderón,Iñaki Bikandi,Match Report,
13,Sat,2015-11-28,20:30 (01:00),Málaga,2–2,Granada,22931,Estadio La Rosaleda,Javier Estrada,Match Report,
13,Sat,2015-11-28,21:00 (02:30),Las Palmas,0–2,La Coruña,19146,Estadio de Gran Canaria,Carlos Clos Gómez,Match Report,
13,Sat,2015-11-28,22:05 (02:35),Celta Vigo,2–1,Sporting Gijón,18039,Estadio de Balaídos,Santiago Jaime,Match Report,
13,Sun,2015-11-29,12:00 (16:30),Getafe,2–0,Villarreal,5903,Coliseum Alfonso Pérez,José González,Match Report,
13,Sun,2015-11-29,16:00 (20:30),Eibar,0–2,Real Madrid,5892,Estadio Municipal de Ipurúa,Jesús Gil,Match Report,
13,Sun,2015-11-29,18:15 (22:45),Rayo Vallecano,0–3,Athletic Club,13100,Estadio del Rayo Vallecano,Alejandro Hernández,Match Report,
13,Sun,2015-11-29,20:30 (01:00),Sevilla,1–0,Valencia,34914,Estadio Ramón Sánchez Pizjuán,Carlos Velasco,Match Report,
14,Sat,2015-12-05,16:00 (20:30),Real Madrid,4–1,Getafe,64897,Estadio Santiago Bernabéu,Antonio Matéu Lahoz,Match Report,
14,Sat,2015-12-05,18:15 (22:45),Granada,0–2,Atlético Madrid,15872,Estadio Nuevo Los Cármenes,Eduardo Prieto,Match Report,
14,Sat,2015-12-05,20:30 (01:00),Valencia,1–1,Barcelona,46799,Estadio de Mestalla,Santiago Jaime,Match Report,
14,Sat,2015-12-05,22:00 (02:30),La Coruña,1–1,Sevilla,25013,Estadio Municipal de Riazor,Ricardo de Burgos,Match Report,
14,Sat,2015-12-05,22:05 (02:35),Betis,1–1,Celta Vigo,33762,Estadio Benito Villamarín,Alejandro Hernández,Match Report,
14,Sun,2015-12-06,12:00 (16:30),Real Sociedad,2–1,Eibar,23461,Estadio Municipal de Anoeta,Mario Melero,Match Report,
14,Sun,2015-12-06,16:00 (20:30),Villarreal,2–1,Rayo Vallecano,16101,Estadio de la Cerámica,Javier Estrada,Match Report,
14,Sun,2015-12-06,18:15 (22:45),Sporting Gijón,3–1,Las Palmas,22665,Estadio Municipal El Molinón,Alberto Undiano,Match Report,
14,Sun,2015-12-06,20:30 (01:00),Athletic Club,0–0,Málaga,41835,San Mamés,Alfonso Álvarez,Match Report,
14,Mon,2015-12-07,20:30 (01:00),Espanyol,1–1,Levante,14875,RCDE Stadium,Carlos Velasco,Match Report,
15,Fri,2015-12-11,20:30 (01:00),Getafe,1–1,Real Sociedad,5567,Coliseum Alfonso Pérez,Pedro Pérez,Match Report,
15,Sat,2015-12-12,16:00 (20:30),Barcelona,2–2,La Coruña,67194,Camp Nou,José Sánchez,Match Report,
15,Sat,2015-12-12,18:15 (22:45),Levante,1–2,Granada,12466,Estadio Ciudad de Valencia,Iñaki Bikandi,Match Report,
15,Sat,2015-12-12,18:15 (22:45),Celta Vigo,1–0,Espanyol,17154,Estadio de Balaídos,David Fernández,Match Report,
15,Sat,2015-12-12,20:30 (01:00),Sevilla,2–0,Sporting Gijón,29127,Estadio Ramón Sánchez Pizjuán,Carlos del Cerro,Match Report,
15,Sat,2015-12-12,21:05 (02:35),Las Palmas,1–0,Betis,16762,Estadio de Gran Canaria,Jesús Gil,Match Report,
15,Sun,2015-12-13,12:00 (16:30),Rayo Vallecano,1–2,Málaga,9423,Estadio del Rayo Vallecano,Carlos Clos Gómez,Match Report,
15,Sun,2015-12-13,16:00 (20:30),Eibar,1–1,Valencia,5182,Estadio Municipal de Ipurúa,José González,Match Report,
15,Sun,2015-12-13,18:15 (22:45),Atlético Madrid,2–1,Athletic Club,50137,Estadio Vicente Calderón,Juan Martínez,Match Report,
15,Sun,2015-12-13,20:30 (01:00),Villarreal,1–0,Real Madrid,20468,Estadio de la Cerámica,Alberto Undiano,Match Report,
16,Sat,2015-12-19,16:00 (20:30),Valencia,2–2,Getafe,31598,Estadio de Mestalla,David Fernández,Match Report,
16,Sat,2015-12-19,18:15 (22:45),Espanyol,1–0,Las Palmas,17121,RCDE Stadium,Mario Melero,Match Report,
16,Sat,2015-12-19,20:30 (01:00),Betis,0–0,Sevilla,50073,Estadio Benito Villamarín,Carlos Clos Gómez,Match Report,
16,Sat,2015-12-19,22:05 (02:35),La Coruña,2–0,Eibar,19281,Estadio Municipal de Riazor,Javier Estrada,Match Report,
16,Sun,2015-12-20,16:00 (20:30),Real Madrid,10–2,Rayo Vallecano,61564,Estadio Santiago Bernabéu,Ignacio Iglesias,Match Report,
16,Sun,2015-12-20,18:15 (22:45),Real Sociedad,0–2,Villarreal,21949,Estadio Municipal de Anoeta,Carlos del Cerro,Match Report,
16,Sun,2015-12-20,18:15 (22:45),Athletic Club,2–0,Levante,39380,San Mamés,Alejandro Hernández,Match Report,
16,Sun,2015-12-20,18:15 (22:45),Granada,0–2,Celta Vigo,14537,Estadio Nuevo Los Cármenes,Juan Martínez,Match Report,
16,Sun,2015-12-20,20:30 (01:00),Málaga,1–0,Atlético Madrid,19086,Estadio La Rosaleda,Antonio Matéu Lahoz,Match Report,
17,Wed,2015-12-30,16:00 (20:30),Real Madrid,3–1,Real Sociedad,69896,Estadio Santiago Bernabéu,José González,Match Report,
17,Wed,2015-12-30,16:00 (20:30),Levante,0–1,Málaga,12094,Estadio Ciudad de Valencia,Jesús Gil,Match Report,
17,Wed,2015-12-30,18:15 (22:45),Sevilla,2–0,Espanyol,35544,Estadio Ramón Sánchez Pizjuán,Ignacio Iglesias,Match Report,
17,Wed,2015-12-30,18:15 (22:45),Rayo Vallecano,0–2,Atlético Madrid,12315,Estadio del Rayo Vallecano,José Sánchez,Match Report,
17,Wed,2015-12-30,18:30 (23:00),Eibar,2–0,Sporting Gijón,5471,Estadio Municipal de Ipurúa,Carlos Velasco,Match Report,
17,Wed,2015-12-30,20:30 (01:00),Getafe,0–0,La Coruña,5667,Coliseum Alfonso Pérez,Alberto Undiano,Match Report,
17,Wed,2015-12-30,20:30 (01:00),Celta Vigo,0–1,Athletic Club,19092,Estadio de Balaídos,Pedro Pérez,Match Report,
17,Wed,2015-12-30,20:30 (01:00),Barcelona,4–0,Betis,83630,Camp Nou,Iñaki Bikandi,Match Report,
17,Wed,2015-12-30,20:00 (01:30),Las Palmas,4–1,Granada,18973,Estadio de Gran Canaria,Santiago Jaime,Match Report,
17,Thu,2015-12-31,16:00 (20:30),Villarreal,1–0,Valencia,18526,Estadio de la Cerámica,Alfonso Álvarez,Match Report,
18,Sat,2016-01-02,16:00 (20:30),Espanyol,0–0,Barcelona,28975,RCDE Stadium,José González,Match Report,
18,Sat,2016-01-02,20:30 (01:00),Atlético Madrid,1–0,Levante,43417,Estadio Vicente Calderón,Carlos Clos Gómez,Match Report,
18,Sat,2016-01-02,22:05 (02:35),Málaga,2–0,Celta Vigo,17635,Estadio La Rosaleda,Iñaki Bikandi,Match Report,
18,Sun,2016-01-03,12:00 (16:30),Rayo Vallecano,2–2,Real Sociedad,10756,Estadio del Rayo Vallecano,Antonio Matéu Lahoz,Match Report,
18,Sun,2016-01-03,16:00 (20:30),Granada,2–1,Sevilla,13469,Estadio Nuevo Los Cármenes,Alberto Undiano,Match Report,
18,Sun,2016-01-03,16:00 (20:30),Betis,0–4,Eibar,33609,Estadio Benito Villamarín,Eduardo Prieto,Match Report,
18,Sun,2016-01-03,18:15 (22:45),Athletic Club,2–2,Las Palmas,41474,San Mamés,Carlos del Cerro,Match Report,
18,Sun,2016-01-03,18:15 (22:45),La Coruña,1–2,Villarreal,23815,Estadio Municipal de Riazor,David Fernández,Match Report,
18,Sun,2016-01-03,20:30 (01:00),Valencia,2–2,Real Madrid,47185,Estadio de Mestalla,José Sánchez,Match Report,
18,Mon,2016-01-04,20:30 (01:00),Sporting Gijón,1–2,Getafe,20948,Estadio Municipal El Molinón,Javier Estrada,Match Report,
19,Sat,2016-01-09,16:00 (20:30),Barcelona,4–0,Granada,70720,Camp Nou,Carlos Velasco,Match Report,
19,Sat,2016-01-09,18:15 (22:45),Getafe,1–0,Betis,6940,Coliseum Alfonso Pérez,Alfonso Álvarez,Match Report,
19,Sat,2016-01-09,18:15 (22:45),Sevilla,2–0,Athletic Club,35388,Estadio Ramón Sánchez Pizjuán,Eduardo Prieto,Match Report,
19,Sat,2016-01-09,20:30 (01:00),Real Madrid,5–0,La Coruña,71267,Estadio Santiago Bernabéu,Pedro Pérez,Match Report,
19,Sat,2016-01-09,22:05 (02:35),Levante,2–1,Rayo Vallecano,10589,Estadio Ciudad de Valencia,Mario Melero,Match Report,
19,Sun,2016-01-10,12:00 (16:30),Villarreal,2–0,Sporting Gijón,16705,Estadio de la Cerámica,Jesús Gil,Match Report,
19,Sun,2016-01-10,16:00 (20:30),Real Sociedad,2–0,Valencia,24217,Estadio Municipal de Anoeta,Alejandro Hernández,Match Report,
19,Sun,2016-01-10,17:15 (22:45),Las Palmas,1–1,Málaga,21760,Estadio de Gran Canaria,Ignacio Iglesias,Match Report,
19,Sun,2016-01-10,18:15 (22:45),Eibar,2–1,Espanyol,4587,Estadio Municipal de Ipurúa,Santiago Jaime,Match Report,
19,Sun,2016-01-10,20:30 (01:00),Celta Vigo,0–2,Atlético Madrid,13550,Estadio de Balaídos,Ricardo de Burgos,Match Report,
20,Sat,2016-01-16,16:00 (20:30),Sevilla,2–1,Málaga,34371,Estadio Ramón Sánchez Pizjuán,Javier Estrada,Match Report,
20,Sat,2016-01-16,18:15 (22:45),Celta Vigo,4–3,Levante,16943,Estadio de Balaídos,Carlos del Cerro,Match Report,
20,Sat,2016-01-16,20:30 (01:00),Villarreal,0–0,Betis,16405,Estadio de la Cerámica,José González,Match Report,
20,Sat,2016-01-16,22:05 (02:35),Real Sociedad,1–1,La Coruña,16783,Estadio Municipal de Anoeta,Juan Martínez,Match Report,
20,Sun,2016-01-17,12:00 (16:30),Valencia,2–2,Rayo Vallecano,35042,Estadio de Mestalla,Eduardo Prieto,Match Report,
20,Sun,2016-01-17,16:00 (20:30),Real Madrid,5–1,Sporting Gijón,70365,Estadio Santiago Bernabéu,Alberto Undiano,Match Report,
20,Sun,2016-01-17,17:15 (22:45),Las Palmas,0–3,Atlético Madrid,28515,Estadio de Gran Canaria,Iñaki Bikandi,Match Report,
20,Sun,2016-01-17,18:15 (22:45),Getafe,3–1,Espanyol,6540,Coliseum Alfonso Pérez,Carlos Clos Gómez,Match Report,
20,Sun,2016-01-17,20:30 (01:00),Barcelona,6–0,Athletic Club,68019,Camp Nou,Antonio Matéu Lahoz,Match Report,
20,Mon,2016-01-18,20:30 (01:00),Eibar,5–1,Granada,4215,Estadio Municipal de Ipurúa,José Sánchez,Match Report,
21,Fri,2016-01-22,20:30 (01:00),Sporting Gijón,5–1,Real Sociedad,23320,Estadio Municipal El Molinón,David Fernández,Match Report,
21,Sat,2016-01-23,16:00 (20:30),Málaga,1–2,Barcelona,27559,Estadio La Rosaleda,Carlos Clos Gómez,Match Report,
21,Sat,2016-01-23,18:15 (22:45),Espanyol,2–2,Villarreal,16251,RCDE Stadium,Pedro Pérez,Match Report,
21,Sat,2016-01-23,20:30 (01:00),Granada,3–2,Getafe,15448,Estadio Nuevo Los Cármenes,Ricardo de Burgos,Match Report,
21,Sat,2016-01-23,22:05 (02:35),Rayo Vallecano,3–0,Celta Vigo,10780,Estadio del Rayo Vallecano,Santiago Jaime,Match Report,
21,Sun,2016-01-24,12:00 (16:30),Athletic Club,5–2,Eibar,43557,San Mamés,Jesús Gil,Match Report,
21,Sun,2016-01-24,16:00 (20:30),Atlético Madrid,0–0,Sevilla,52793,Estadio Vicente Calderón,Ignacio Iglesias,Match Report,
21,Sun,2016-01-24,18:15 (22:45),La Coruña,1–1,Valencia,23782,Estadio Municipal de Riazor,Mario Melero,Match Report,
21,Sun,2016-01-24,20:30 (01:00),Betis,1–1,Real Madrid,48111,Estadio Benito Villamarín,Juan Martínez,Match Report,
21,Mon,2016-01-25,20:30 (01:00),Levante,3–2,Las Palmas,13155,Estadio Ciudad de Valencia,Carlos Velasco,Match Report,
22,Sat,2016-01-30,16:00 (20:30),Barcelona,2–1,Atlético Madrid,94990,Camp Nou,Alberto Undiano,Match Report,
22,Sat,2016-01-30,18:15 (22:45),Eibar,1–2,Málaga,5249,Estadio Municipal de Ipurúa,Antonio Matéu Lahoz,Match Report,
22,Sat,2016-01-30,18:15 (22:45),Getafe,0–1,Athletic Club,9503,Coliseum Alfonso Pérez,Javier Estrada,Match Report,
22,Sat,2016-01-30,20:30 (01:00),Villarreal,1–0,Granada,16062,Estadio de la Cerámica,Carlos del Cerro,Match Report,
22,Sat,2016-01-30,22:05 (02:35),Real Sociedad,2–1,Betis,15877,Estadio Municipal de Anoeta,Eduardo Prieto,Match Report,
22,Sun,2016-01-31,12:00 (16:30),Sevilla,3–1,Levante,33487,Estadio Ramón Sánchez Pizjuán,Alfonso Álvarez,Match Report,
22,Sun,2016-01-31,16:00 (20:30),Valencia,0–1,Sporting Gijón,35277,Estadio de Mestalla,José González,Match Report,
22,Sun,2016-01-31,17:15 (22:45),Las Palmas,2–1,Celta Vigo,18439,Estadio de Gran Canaria,José Sánchez,Match Report,
22,Sun,2016-01-31,20:30 (01:00),Real Madrid,6–0,Espanyol,65768,Estadio Santiago Bernabéu,Alejandro Hernández,Match Report,
22,Mon,2016-02-01,20:30 (01:00),La Coruña,2–2,Rayo Vallecano,19055,Estadio Municipal de Riazor,Iñaki Bikandi,Match Report,
23,Fri,2016-02-05,20:30 (01:00),Málaga,3–0,Getafe,20268,Estadio La Rosaleda,Juan Martínez,Match Report,
23,Sat,2016-02-06,16:00 (20:30),Atlético Madrid,3–1,Eibar,45321,Estadio Vicente Calderón,David Fernández,Match Report,
23,Sat,2016-02-06,18:15 (22:45),Rayo Vallecano,2–0,Las Palmas,11565,Estadio del Rayo Vallecano,Ignacio Iglesias,Match Report,
23,Sat,2016-02-06,20:30 (01:00),Athletic Club,0–0,Villarreal,40941,San Mamés,Mario Melero,Match Report,
23,Sat,2016-02-06,22:05 (02:35),Sporting Gijón,1–1,La Coruña,21690,Estadio Municipal El Molinón,Alejandro Hernández,Match Report,
23,Sun,2016-02-07,12:00 (16:30),Levante,0–2,Barcelona,22638,Estadio Ciudad de Valencia,Pedro Pérez,Match Report,
23,Sun,2016-02-07,16:00 (20:30),Betis,1–0,Valencia,40228,Estadio Benito Villamarín,José Sánchez,Match Report,
23,Sun,2016-02-07,18:15 (22:45),Celta Vigo,1–1,Sevilla,16420,Estadio de Balaídos,Carlos Velasco,Match Report,
23,Sun,2016-02-07,20:30 (01:00),Granada,1–2,Real Madrid,17060,Estadio Nuevo Los Cármenes,Jesús Gil,Match Report,
23,Mon,2016-02-08,20:30 (01:00),Espanyol,0–5,Real Sociedad,14155,RCDE Stadium,Santiago Jaime,Match Report,
24,Fri,2016-02-12,20:30 (01:00),Sporting Gijón,2–2,Rayo Vallecano,21987,Estadio Municipal El Molinón,Carlos Clos Gómez,Match Report,
24,Sat,2016-02-13,16:00 (20:30),Real Madrid,4–2,Athletic Club,77364,Estadio Santiago Bernabéu,Alfonso Álvarez,Match Report,
24,Sat,2016-02-13,18:15 (22:45),Villarreal,1–0,Málaga,17142,Estadio de la Cerámica,Iñaki Bikandi,Match Report,
24,Sat,2016-02-13,20:30 (01:00),Valencia,2–1,Espanyol,34689,Estadio de Mestalla,Carlos del Cerro,Match Report,
24,Sat,2016-02-13,22:05 (02:35),La Coruña,2–2,Betis,17184,Estadio Municipal de Riazor,Alberto Undiano,Match Report,
24,Sun,2016-02-14,12:00 (16:30),Real Sociedad,3–0,Granada,19591,Estadio Municipal de Anoeta,José González,Match Report,
24,Sun,2016-02-14,16:00 (20:30),Sevilla,2–0,Las Palmas,34448,Estadio Ramón Sánchez Pizjuán,Eduardo Prieto,Match Report,
24,Sun,2016-02-14,18:15 (22:45),Getafe,0–1,Atlético Madrid,8512,Coliseum Alfonso Pérez,Antonio Matéu Lahoz,Match Report,
24,Sun,2016-02-14,18:15 (22:45),Eibar,2–0,Levante,4766,Estadio Municipal de Ipurúa,Javier Estrada,Match Report,
24,Sun,2016-02-14,20:30 (01:00),Barcelona,6–1,Celta Vigo,72580,Camp Nou,Alejandro Hernández,Match Report,
16,Wed,2016-02-17,18:30 (23:00),Sporting Gijón,1–3,Barcelona,28140,Estadio Municipal El Molinón,Ricardo de Burgos,Match Report,
25,Fri,2016-02-19,20:30 (01:00),Levante,3–0,Getafe,13665,Estadio Ciudad de Valencia,José González,Match Report,
25,Sat,2016-02-20,15:00 (20:30),Las Palmas,1–2,Barcelona,26951,Estadio de Gran Canaria,Carlos del Cerro,Match Report,
25,Sat,2016-02-20,18:15 (22:45),Espanyol,1–0,La Coruña,28455,RCDE Stadium,Ricardo de Burgos,Match Report,
25,Sat,2016-02-20,20:30 (01:00),Betis,1–1,Sporting Gijón,41345,Estadio Benito Villamarín,Alfonso Álvarez,Match Report,
25,Sat,2016-02-20,22:05 (02:35),Celta Vigo,3–2,Eibar,14724,Estadio de Balaídos,Mario Melero,Match Report,
25,Sun,2016-02-21,12:00 (16:30),Rayo Vallecano,2–2,Sevilla,12375,Estadio del Rayo Vallecano,Javier Estrada,Match Report,
25,Sun,2016-02-21,16:00 (20:30),Málaga,1–1,Real Madrid,30372,Estadio La Rosaleda,Ignacio Iglesias,Match Report,
25,Sun,2016-02-21,18:15 (22:45),Granada,1–2,Valencia,14735,Estadio Nuevo Los Cármenes,Iñaki Bikandi,Match Report,
25,Sun,2016-02-21,18:15 (22:45),Athletic Club,0–1,Real Sociedad,47603,San Mamés,José Sánchez,Match Report,
25,Sun,2016-02-21,20:30 (01:00),Atlético Madrid,0–0,Villarreal,45323,Estadio Vicente Calderón,Eduardo Prieto,Match Report,
26,Fri,2016-02-26,20:30 (01:00),Eibar,0–1,Las Palmas,5112,Estadio Municipal de Ipurúa,Pedro Pérez,Match Report,
26,Sat,2016-02-27,16:00 (20:30),Real Madrid,0–1,Atlético Madrid,79436,Estadio Santiago Bernabéu,Carlos Clos Gómez,Match Report,
26,Sat,2016-02-27,18:15 (22:45),Sporting Gijón,2–4,Espanyol,22555,Estadio Municipal El Molinón,Carlos Velasco,Match Report,
26,Sat,2016-02-27,18:15 (22:45),Getafe,0–1,Celta Vigo,5652,Coliseum Alfonso Pérez,David Fernández,Match Report,
26,Sat,2016-02-27,20:30 (01:00),Betis,2–2,Rayo Vallecano,35666,Estadio Benito Villamarín,Antonio Matéu Lahoz,Match Report,
26,Sat,2016-02-27,22:05 (02:35),Real Sociedad,1–1,Málaga,12783,Estadio Municipal de Anoeta,Alberto Undiano,Match Report,
26,Sun,2016-02-28,12:00 (16:30),Villarreal,3–0,Levante,16619,Estadio de la Cerámica,Alejandro Hernández,Match Report,
26,Sun,2016-02-28,16:00 (20:30),Valencia,0–3,Athletic Club,36576,Estadio de Mestalla,Jesús Gil,Match Report,
26,Sun,2016-02-28,18:15 (22:45),La Coruña,0–1,Granada,23616,Estadio Municipal de Riazor,Juan Martínez,Match Report,
26,Sun,2016-02-28,20:30 (01:00),Barcelona,2–1,Sevilla,79684,Camp Nou,Santiago Jaime,Match Report,
27,Tue,2016-03-01,21:00 (01:30),Atlético Madrid,3–0,Real Sociedad,35621,Estadio Vicente Calderón,Alejandro Hernández,Match Report,
27,Tue,2016-03-01,21:00 (02:30),Las Palmas,4–0,Getafe,15819,Estadio de Gran Canaria,Mario Melero,Match Report,
27,Wed,2016-03-02,20:00 (00:30),Málaga,1–2,Valencia,20556,Estadio La Rosaleda,José González,Match Report,
27,Wed,2016-03-02,20:00 (00:30),Sevilla,1–0,Eibar,29627,Estadio Ramón Sánchez Pizjuán,Juan Martínez,Match Report,
27,Wed,2016-03-02,20:00 (00:30),Celta Vigo,0–0,Villarreal,15372,Estadio de Balaídos,Santiago Jaime,Match Report,
27,Wed,2016-03-02,20:00 (00:30),Athletic Club,4–1,La Coruña,37292,San Mamés,Antonio Matéu Lahoz,Match Report,
27,Wed,2016-03-02,21:00 (01:30),Levante,1–3,Real Madrid,19725,Estadio Ciudad de Valencia,Ricardo de Burgos,Match Report,
27,Thu,2016-03-03,20:00 (00:30),Granada,2–0,Sporting Gijón,15441,Estadio Nuevo Los Cármenes,Javier Estrada,Match Report,
27,Thu,2016-03-03,20:30 (01:00),Espanyol,0–3,Betis,23714,RCDE Stadium,José Sánchez,Match Report,
27,Thu,2016-03-03,21:00 (01:30),Rayo Vallecano,1–5,Barcelona,14430,Estadio del Rayo Vallecano,Iñaki Bikandi,Match Report,
28,Sat,2016-03-05,16:00 (20:30),Real Madrid,7–1,Celta Vigo,68467,Estadio Santiago Bernabéu,Jesús Gil,Match Report,
28,Sat,2016-03-05,18:15 (22:45),Villarreal,0–1,Las Palmas,15790,Estadio de la Cerámica,Carlos Clos Gómez,Match Report,
28,Sat,2016-03-05,20:30 (01:00),Getafe,1–1,Sevilla,6754,Coliseum Alfonso Pérez,Eduardo Prieto,Match Report,
28,Sat,2016-03-05,22:05 (02:35),La Coruña,3–3,Málaga,18446,Estadio Municipal de Riazor,Carlos Velasco,Match Report,
28,Sun,2016-03-06,12:00 (16:30),Betis,2–0,Granada,43174,Estadio Benito Villamarín,Ignacio Iglesias,Match Report,
28,Sun,2016-03-06,16:00 (20:30),Eibar,0–4,Barcelona,6100,Estadio Municipal de Ipurúa,Alberto Undiano,Match Report,
28,Sun,2016-03-06,18:15 (22:45),Sporting Gijón,0–2,Athletic Club,23605,Estadio Municipal El Molinón,Carlos del Cerro,Match Report,
28,Sun,2016-03-06,18:15 (22:45),Real Sociedad,1–1,Levante,18620,Estadio Municipal de Anoeta,Pedro Pérez,Match Report,
28,Sun,2016-03-06,20:30 (01:00),Valencia,1–3,Atlético Madrid,40819,Estadio de Mestalla,Alfonso Álvarez,Match Report,
28,Mon,2016-03-07,20:30 (01:00),Espanyol,2–1,Rayo Vallecano,22638,RCDE Stadium,David Fernández,Match Report,
29,Fri,2016-03-11,20:30 (01:00),Málaga,1–0,Sporting Gijón,19297,Estadio La Rosaleda,Ricardo de Burgos,Match Report,
29,Sat,2016-03-12,16:00 (20:30),Barcelona,6–0,Getafe,87533,Camp Nou,Pedro Pérez,Match Report,
29,Sat,2016-03-12,18:15 (22:45),Celta Vigo,1–0,Real Sociedad,17767,Estadio de Balaídos,Juan Martínez,Match Report,
29,Sat,2016-03-12,20:30 (01:00),Atlético Madrid,3–0,La Coruña,44122,Estadio Vicente Calderón,Mario Melero,Match Report,
29,Sat,2016-03-12,22:05 (02:35),Rayo Vallecano,1–1,Eibar,10567,Estadio del Rayo Vallecano,Alfonso Álvarez,Match Report,
29,Sun,2016-03-13,12:00 (16:30),Levante,1–0,Valencia,18191,Estadio Ciudad de Valencia,Carlos del Cerro,Match Report,
29,Sun,2016-03-13,16:00 (20:30),Sevilla,4–2,Villarreal,15918,Estadio Ramón Sánchez Pizjuán,Carlos Velasco,Match Report,
29,Sun,2016-03-13,18:15 (22:45),Athletic Club,3–1,Betis,42437,San Mamés,Santiago Jaime,Match Report,
29,Sun,2016-03-13,19:30 (01:00),Las Palmas,1–2,Real Madrid,25846,Estadio de Gran Canaria,David Fernández,Match Report,
29,Mon,2016-03-14,20:30 (01:00),Granada,1–1,Espanyol,16231,Estadio Nuevo Los Cármenes,José González,Match Report,
30,Fri,2016-03-18,20:30 (01:00),Getafe,1–1,Eibar,6557,Coliseum Alfonso Pérez,Ignacio Iglesias,Match Report,
30,Sat,2016-03-19,16:00 (20:30),Sporting Gijón,2–1,Atlético Madrid,24860,Estadio Municipal El Molinón,Jesús Gil,Match Report,
30,Sat,2016-03-19,18:15 (22:45),Real Sociedad,0–1,Las Palmas,18952,Estadio Municipal de Anoeta,Antonio Matéu Lahoz,Match Report,
30,Sat,2016-03-19,18:15 (22:45),Granada,2–2,Rayo Vallecano,18848,Estadio Nuevo Los Cármenes,Alejandro Hernández,Match Report,
30,Sat,2016-03-19,20:30 (01:00),La Coruña,2–1,Levante,24920,Estadio Municipal de Riazor,Iñaki Bikandi,Match Report,
30,Sat,2016-03-19,22:05 (02:35),Betis,0–1,Málaga,31371,Estadio Benito Villamarín,Carlos Clos Gómez,Match Report,
30,Sun,2016-03-20,12:00 (16:30),Espanyol,2–1,Athletic Club,20753,RCDE Stadium,Eduardo Prieto,Match Report,
30,Sun,2016-03-20,16:00 (20:30),Villarreal,2–2,Barcelona,24398,Estadio de la Cerámica,José Sánchez,Match Report,
30,Sun,2016-03-20,18:15 (22:45),Valencia,0–2,Celta Vigo,32864,Estadio de Mestalla,Alberto Undiano,Match Report,
30,Sun,2016-03-20,20:30 (01:00),Real Madrid,4–0,Sevilla,72976,Estadio Santiago Bernabéu,Javier Estrada,Match Report,
31,Fri,2016-04-01,20:30 (00:00),Rayo Vallecano,2–0,Getafe,12715,Estadio del Rayo Vallecano,Santiago Jaime,Match Report,
31,Sat,2016-04-02,16:00 (19:30),Atlético Madrid,5–1,Betis,50121,Estadio Vicente Calderón,José González,Match Report,
31,Sat,2016-04-02,17:15 (21:45),Las Palmas,2–1,Valencia,27041,Estadio de Gran Canaria,Pedro Pérez,Match Report,
31,Sat,2016-04-02,20:30 (00:00),Barcelona,1–2,Real Madrid,3665,Camp Nou,Alejandro Hernández,Match Report,
31,Sat,2016-04-02,22:05 (01:35),Celta Vigo,1–1,La Coruña,21253,Estadio de Balaídos,David Fernández,Match Report,
31,Sun,2016-04-03,12:00 (15:30),Athletic Club,1–1,Granada,40497,San Mamés,Carlos Velasco,Match Report,
31,Sun,2016-04-03,16:00 (19:30),Málaga,1–1,Espanyol,24234,Estadio La Rosaleda,Juan Martínez,Match Report,
31,Sun,2016-04-03,18:15 (21:45),Eibar,1–2,Villarreal,5176,Estadio Municipal de Ipurúa,Carlos del Cerro,Match Report,
31,Sun,2016-04-03,20:30 (00:00),Sevilla,1–2,Real Sociedad,32127,Estadio Ramón Sánchez Pizjuán,Carlos Clos Gómez,Match Report,
31,Mon,2016-04-04,20:30 (00:00),Levante,0–0,Sporting Gijón,11302,Estadio Ciudad de Valencia,Mario Melero,Match Report,
32,Fri,2016-04-08,20:30 (00:00),Granada,0–0,Málaga,18979,Estadio Nuevo Los Cármenes,Javier Estrada,Match Report,
32,Sat,2016-04-09,16:00 (19:30),Real Madrid,4–0,Eibar,70689,Estadio Santiago Bernabéu,José Sánchez,Match Report,
32,Sat,2016-04-09,18:15 (21:45),Espanyol,1–3,Atlético Madrid,26338,RCDE Stadium,Ricardo de Burgos,Match Report,
32,Sat,2016-04-09,20:30 (00:00),Real Sociedad,1–0,Barcelona,27895,Estadio Municipal de Anoeta,Ignacio Iglesias,Match Report,
32,Sat,2016-04-09,22:05 (01:35),Betis,1–0,Levante,37091,Estadio Benito Villamarín,Eduardo Prieto,Match Report,
32,Sun,2016-04-10,12:00 (15:30),Sporting Gijón,0–1,Celta Vigo,24163,Estadio Municipal El Molinón,Antonio Matéu Lahoz,Match Report,
32,Sun,2016-04-10,16:00 (19:30),Valencia,2–1,Sevilla,41569,Estadio de Mestalla,Iñaki Bikandi,Match Report,
32,Sun,2016-04-10,18:15 (21:45),Villarreal,2–0,Getafe,17570,Estadio de la Cerámica,Alberto Undiano,Match Report,
32,Sun,2016-04-10,20:30 (00:00),Athletic Club,1–0,Rayo Vallecano,37597,San Mamés,Jesús Gil,Match Report,
32,Mon,2016-04-11,20:30 (00:00),La Coruña,1–3,Las Palmas,21686,Estadio Municipal de Riazor,Alfonso Álvarez,Match Report,
33,Fri,2016-04-15,20:30 (00:00),Levante,2–1,Espanyol,16192,Estadio Ciudad de Valencia,Alejandro Hernández,Match Report,
33,Sat,2016-04-16,16:00 (19:30),Getafe,1–5,Real Madrid,11401,Coliseum Alfonso Pérez,José González,Match Report,
33,Sat,2016-04-16,17:15 (21:45),Las Palmas,1–1,Sporting Gijón,25052,Estadio de Gran Canaria,Alberto Undiano,Match Report,
33,Sat,2016-04-16,20:30 (00:00),Eibar,2–1,Real Sociedad,5801,Estadio Municipal de Ipurúa,Mario Melero,Match Report,
33,Sat,2016-04-16,22:05 (01:35),Celta Vigo,1–1,Betis,14934,Estadio de Balaídos,Ricardo de Burgos,Match Report,
33,Sun,2016-04-17,12:00 (15:30),Málaga,0–1,Athletic Club,25052,Estadio La Rosaleda,José Sánchez,Match Report,
33,Sun,2016-04-17,16:00 (19:30),Sevilla,1–1,La Coruña,30390,Estadio Ramón Sánchez Pizjuán,Santiago Jaime,Match Report,
33,Sun,2016-04-17,18:15 (21:45),Rayo Vallecano,2–1,Villarreal,12628,Estadio del Rayo Vallecano,Ignacio Iglesias,Match Report,
33,Sun,2016-04-17,18:15 (21:45),Atlético Madrid,3–0,Granada,51136,Estadio Vicente Calderón,Eduardo Prieto,Match Report,
33,Sun,2016-04-17,20:30 (00:00),Barcelona,1–2,Valencia,88667,Camp Nou,David Fernández,Match Report,
34,Tue,2016-04-19,20:00 (23:30),Espanyol,1–1,Celta Vigo,14227,RCDE Stadium,Eduardo Prieto,Match Report,
34,Tue,2016-04-19,21:00 (00:30),Betis,1–0,Las Palmas,30634,Estadio Benito Villamarín,Iñaki Bikandi,Match Report,
34,Wed,2016-04-20,20:00 (23:30),La Coruña,0–8,Barcelona,28956,Estadio Municipal de Riazor,Ricardo de Burgos,Match Report,
34,Wed,2016-04-20,20:45 (00:15),Sporting Gijón,2–1,Sevilla,22985,Estadio Municipal El Molinón,José González,Match Report,
34,Wed,2016-04-20,20:45 (00:15),Málaga,1–1,Rayo Vallecano,13759,Estadio La Rosaleda,Alberto Undiano,Match Report,
34,Wed,2016-04-20,20:45 (00:15),Athletic Club,0–1,Atlético Madrid,44474,San Mamés,Juan Martínez,Match Report,
34,Wed,2016-04-20,20:45 (00:15),Valencia,4–0,Eibar,34309,Estadio de Mestalla,Javier Estrada,Match Report,
34,Wed,2016-04-20,22:00 (01:30),Real Madrid,3–0,Villarreal,62678,Estadio Santiago Bernabéu,Carlos Clos Gómez,Match Report,
34,Thu,2016-04-21,20:30 (00:00),Real Sociedad,1–2,Getafe,14334,Estadio Municipal de Anoeta,José Sánchez,Match Report,
34,Thu,2016-04-21,21:00 (00:30),Granada,5–1,Levante,21131,Estadio Nuevo Los Cármenes,Santiago Jaime,Match Report,
35,Fri,2016-04-22,20:00 (00:30),Las Palmas,4–0,Espanyol,19358,Estadio de Gran Canaria,Mario Melero,Match Report,
35,Sat,2016-04-23,16:00 (19:30),Rayo Vallecano,2–3,Real Madrid,13314,Estadio del Rayo Vallecano,Alejandro Hernández,Match Report,
35,Sat,2016-04-23,18:15 (21:45),Atlético Madrid,1–0,Málaga,47621,Estadio Vicente Calderón,Antonio Matéu Lahoz,Match Report,
35,Sat,2016-04-23,20:30 (00:00),Barcelona,6–0,Sporting Gijón,77299,Camp Nou,Carlos Clos Gómez,Match Report,
35,Sat,2016-04-23,22:05 (01:35),Eibar,1–1,La Coruña,4606,Estadio Municipal de Ipurúa,Eduardo Prieto,Match Report,
35,Sun,2016-04-24,12:00 (15:30),Levante,2–2,Athletic Club,15263,Estadio Ciudad de Valencia,Ignacio Iglesias,Match Report,
35,Sun,2016-04-24,16:00 (19:30),Sevilla,2–0,Betis,39523,Estadio Ramón Sánchez Pizjuán,Carlos Velasco,Match Report,
35,Sun,2016-04-24,18:15 (21:45),Getafe,2–2,Valencia,11637,Coliseum Alfonso Pérez,Ricardo de Burgos,Match Report,
35,Sun,2016-04-24,20:30 (00:00),Villarreal,0–0,Real Sociedad,17216,Estadio de la Cerámica,David Fernández,Match Report,
35,Mon,2016-04-25,20:30 (00:00),Celta Vigo,2–1,Granada,18224,Estadio de Balaídos,Jesús Gil,Match Report,
36,Fri,2016-04-29,20:30 (00:00),Sporting Gijón,2–0,Eibar,26035,Estadio Municipal El Molinón,Alejandro Hernández,Match Report,
36,Sat,2016-04-30,16:00 (19:30),Real Sociedad,0–1,Real Madrid,26426,Estadio Municipal de Anoeta,Alberto Undiano,Match Report,
36,Sat,2016-04-30,18:15 (21:45),Atlético Madrid,1–0,Rayo Vallecano,49263,Estadio Vicente Calderón,José Sánchez,Match Report,
36,Sat,2016-04-30,20:30 (00:00),Betis,0–2,Barcelona,40467,Estadio Benito Villamarín,Antonio Matéu Lahoz,Match Report,
36,Sat,2016-04-30,22:05 (01:35),Granada,3–2,Las Palmas,21291,Estadio Nuevo Los Cármenes,José González,Match Report,
36,Sun,2016-05-01,12:00 (15:30),Athletic Club,2–1,Celta Vigo,42362,San Mamés,Javier Estrada,Match Report,
36,Sun,2016-05-01,16:00 (19:30),Espanyol,1–0,Sevilla,27654,RCDE Stadium,Juan Martínez,Match Report,
36,Sun,2016-05-01,18:15 (21:45),La Coruña,0–2,Getafe,25007,Estadio Municipal de Riazor,Carlos Clos Gómez,Match Report,
36,Sun,2016-05-01,20:30 (00:00),Valencia,0–2,Villarreal,38283,Estadio de Mestalla,Carlos del Cerro,Match Report,
36,Mon,2016-05-02,20:30 (00:00),Málaga,3–1,Levante,17562,Estadio La Rosaleda,Iñaki Bikandi,Match Report,
37,Sun,2016-05-08,16:00 (20:30),Las Palmas,0–0,Athletic Club,27410,Estadio de Gran Canaria,Pedro Pérez,Match Report,
37,Sun,2016-05-08,17:00 (20:30),Sevilla,1–4,Granada,21915,Estadio Ramón Sánchez Pizjuán,Alberto Undiano,Match Report,
37,Sun,2016-05-08,17:00 (20:30),Celta Vigo,1–0,Málaga,20040,Estadio de Balaídos,Carlos del Cerro,Match Report,
37,Sun,2016-05-08,17:00 (20:30),Levante,2–1,Atlético Madrid,12054,Estadio Ciudad de Valencia,José González,Match Report,
37,Sun,2016-05-08,17:00 (20:30),Getafe,1–1,Sporting Gijón,13028,Coliseum Alfonso Pérez,Alfonso Álvarez,Match Report,
37,Sun,2016-05-08,17:00 (20:30),Real Sociedad,2–1,Rayo Vallecano,18873,Estadio Municipal de Anoeta,Santiago Jaime,Match Report,
37,Sun,2016-05-08,17:00 (20:30),Real Madrid,3–2,Valencia,72987,Estadio Santiago Bernabéu,David Fernández,Match Report,
37,Sun,2016-05-08,17:00 (20:30),Eibar,1–1,Betis,5165,Estadio Municipal de Ipurúa,Juan Martínez,Match Report,
37,Sun,2016-05-08,17:00 (20:30),Villarreal,0–2,La Coruña,13247,Estadio de la Cerámica,Javier Estrada,Match Report,
37,Sun,2016-05-08,17:00 (20:30),Barcelona,5–0,Espanyol,91610,Camp Nou,Jesús Gil,Match Report,
38,Fri,2016-05-13,20:30 (00:00),Valencia,0–1,Real Sociedad,27732,Estadio de Mestalla,Carlos Velasco,Match Report,
38,Sat,2016-05-14,17:00 (20:30),La Coruña,0–2,Real Madrid,29017,Estadio Municipal de Riazor,Antonio Matéu Lahoz,Match Report,
38,Sat,2016-05-14,17:00 (20:30),Granada,0–3,Barcelona,21692,Estadio Nuevo Los Cármenes,Alejandro Hernández,Match Report,
38,Sat,2016-05-14,19:30 (23:00),Athletic Club,3–1,Sevilla,43876,San Mamés,Alfonso Álvarez,Match Report,
38,Sat,2016-05-14,19:30 (23:00),Atlético Madrid,2–0,Celta Vigo,42139,Estadio Vicente Calderón,David Fernández,Match Report,
38,Sun,2016-05-15,12:00 (15:30),Málaga,4–1,Las Palmas,17913,Estadio La Rosaleda,Ricardo de Burgos,Match Report,
38,Sun,2016-05-15,19:00 (22:30),Espanyol,4–2,Eibar,39381,RCDE Stadium,Mario Melero,Match Report,
38,Sun,2016-05-15,19:30 (23:00),Rayo Vallecano,3–1,Levante,12547,Estadio del Rayo Vallecano,Carlos Clos Gómez,Match Report,
38,Sun,2016-05-15,19:30 (23:00),Betis,2–1,Getafe,39381,Estadio Benito Villamarín,Jesús Gil,Match Report,
38,Sun,2016-05-15,19:30 (23:00),Sporting Gijón,2–0,Villarreal,27834,Estadio Municipal El Molinón,Alberto Undiano,Match Report,