 
Wk,Day,Date,Time,Home,Score,Away,Attendance,Venue,Referee,Match Report,Notes
1,Sat,2014-08-23,19:00 (22:30),Málaga,1–0,Athletic Club,24500,Estadio La Rosaleda,Antonio Matéu Lahoz,Match Report,
1,Sat,2014-08-23,21:00 (00:30),Granada,2–1,La Coruña,14800,Estadio Nuevo Los Cármenes,Iñaki Bikandi,Match Report,
1,Sat,2014-08-23,21:00 (00:30),Sevilla,1–1,Valencia,29352,Estadio Ramón Sánchez Pizjuán,Carlos del Cerro,Match Report,
1,Sat,2014-08-23,23:00 (02:30),Almería,1–1,Espanyol,12000,Estadio de los Juegos Mediterráneos,Alejandro Hernández,Match Report,
1,Sun,2014-08-24,19:00 (22:30),Eibar,1–0,Real Sociedad,5173,Estadio Municipal de Ipurúa,Alfonso Álvarez,Match Report,
1,Sun,2014-08-24,21:00 (00:30),Celta Vigo,3–1,Getafe,20416,Estadio de Balaídos,Mario Melero,Match Report,
1,Sun,2014-08-24,21:00 (00:30),Barcelona,3–0,Elche,68105,Camp Nou,Fernando Teixeira,Match Report,
1,Sun,2014-08-24,23:00 (02:30),Levante,0–2,Villarreal,19000,Estadio Ciudad de Valencia,David Fernández,Match Report,
1,Mon,2014-08-25,20:00 (23:30),Real Madrid,2–0,Córdoba,70356,Estadio Santiago Bernabéu,Jesús Gil,Match Report,
1,Mon,2014-08-25,22:00 (01:30),Rayo Vallecano,0–0,Atlético Madrid,11070,Estadio del Rayo Vallecano,Carlos Clos Gómez,Match Report,
2,Fri,2014-08-29,20:00 (23:30),Getafe,1–0,Almería,6000,Coliseum Alfonso Pérez,Santiago Jaime,Match Report,
2,Fri,2014-08-29,22:00 (01:30),Valencia,3–0,Málaga,41550,Estadio de Mestalla,Javier Estrada,Match Report,
2,Sat,2014-08-30,19:00 (22:30),Córdoba,1–1,Celta Vigo,15982,Estadio Nuevo Arcángel,José Teixeira,Match Report,
2,Sat,2014-08-30,19:00 (22:30),Athletic Club,3–0,Levante,48300,San Mamés,Pedro Pérez,Match Report,
2,Sat,2014-08-30,21:00 (00:30),Atlético Madrid,2–1,Eibar,48000,Estadio Vicente Calderón,Eduardo Prieto,Match Report,
2,Sat,2014-08-30,23:00 (02:30),Espanyol,1–2,Sevilla,16490,RCDE Stadium,Alberto Undiano,Match Report,
2,Sun,2014-08-31,19:00 (22:30),Villarreal,0–1,Barcelona,21200,Estadio de la Cerámica,Carlos Velasco,Match Report,
2,Sun,2014-08-31,21:00 (00:30),La Coruña,2–2,Rayo Vallecano,18054,Estadio Municipal de Riazor,José González,Match Report,
2,Sun,2014-08-31,21:00 (00:30),Real Sociedad,4–2,Real Madrid,27879,Estadio Municipal de Anoeta,Juan Martínez,Match Report,
2,Sun,2014-08-31,23:00 (02:30),Elche,1–1,Granada,20025,Estadio Manuel Martínez Valero,Ignacio Iglesias,Match Report,
3,Fri,2014-09-12,21:00 (00:30),Almería,1–1,Córdoba,10682,Estadio de los Juegos Mediterráneos,Fernando Teixeira,Match Report,
3,Sat,2014-09-13,16:00 (19:30),Barcelona,2–0,Athletic Club,80181,Camp Nou,David Fernández,Match Report,
3,Sat,2014-09-13,18:00 (21:30),Málaga,0–0,Levante,20000,Estadio La Rosaleda,Jesús Gil,Match Report,
3,Sat,2014-09-13,20:00 (23:30),Real Madrid,1–2,Atlético Madrid,85253,Estadio Santiago Bernabéu,Antonio Matéu Lahoz,Match Report,
3,Sat,2014-09-13,22:00 (01:30),Celta Vigo,2–2,Real Sociedad,19385,Estadio de Balaídos,Alejandro Fernández,Match Report,
3,Sun,2014-09-14,12:00 (15:30),Rayo Vallecano,2–3,Elche,9521,Estadio del Rayo Vallecano,Iñaki Bikandi,Match Report,
3,Sun,2014-09-14,17:00 (20:30),Valencia,3–1,Espanyol,38500,Estadio de Mestalla,Carlos Clos Gómez,Match Report,
3,Sun,2014-09-14,19:00 (22:30),Sevilla,2–0,Getafe,34600,Estadio Ramón Sánchez Pizjuán,Alfonso Álvarez,Match Report,
3,Sun,2014-09-14,21:00 (00:30),Granada,0–0,Villarreal,21000,Estadio Nuevo Los Cármenes,Carlos del Cerro,Match Report,
3,Mon,2014-09-15,20:45 (00:15),Eibar,0–1,La Coruña,4522,Estadio Municipal de Ipurúa,Mario Melero,Match Report,
4,Fri,2014-09-19,21:00 (00:30),Elche,0–2,Eibar,22474,Estadio Manuel Martínez Valero,Santiago Jaime,Match Report,
4,Sat,2014-09-20,16:00 (19:30),La Coruña,2–8,Real Madrid,27685,Estadio Municipal de Riazor,Pedro Pérez,Match Report,
4,Sat,2014-09-20,18:00 (21:30),Athletic Club,0–1,Granada,33000,San Mamés,José Teixeira,Match Report,
4,Sat,2014-09-20,20:00 (23:30),Atlético Madrid,2–2,Celta Vigo,47000,Estadio Vicente Calderón,Juan Martínez,Match Report,
4,Sat,2014-09-20,22:00 (01:30),Espanyol,2–2,Málaga,12600,RCDE Stadium,Ignacio Iglesias,Match Report,
4,Sun,2014-09-21,12:00 (15:30),Real Sociedad,1–2,Almería,18000,Estadio Municipal de Anoeta,Javier Estrada,Match Report,
4,Sun,2014-09-21,17:00 (20:30),Villarreal,4–2,Rayo Vallecano,15050,Estadio de la Cerámica,Eduardo Prieto,Match Report,
4,Sun,2014-09-21,19:00 (22:30),Córdoba,1–3,Sevilla,17023,Estadio Nuevo Arcángel,Carlos Velasco,Match Report,
4,Sun,2014-09-21,21:00 (00:30),Levante,0–5,Barcelona,22177,Estadio Ciudad de Valencia,José González,Match Report,
4,Mon,2014-09-22,20:45 (00:15),Getafe,0–3,Valencia,6000,Coliseum Alfonso Pérez,Alberto Undiano,Match Report,
5,Tue,2014-09-23,20:00 (23:30),Real Madrid,5–1,Elche,63634,Estadio Santiago Bernabéu,Carlos Clos Gómez,Match Report,
5,Tue,2014-09-23,22:00 (01:30),Celta Vigo,2–1,La Coruña,23811,Estadio de Balaídos,Carlos del Cerro,Match Report,
5,Wed,2014-09-24,20:00 (23:30),Rayo Vallecano,2–1,Athletic Club,11040,Estadio del Rayo Vallecano,Mario Melero,Match Report,
5,Wed,2014-09-24,20:00 (23:30),Eibar,1–1,Villarreal,4231,Estadio Municipal de Ipurúa,Fernando Teixeira,Match Report,
5,Wed,2014-09-24,20:00 (23:30),Almería,0–1,Atlético Madrid,11863,Estadio de los Juegos Mediterráneos,Jesús Gil,Match Report,
5,Wed,2014-09-24,22:00 (01:30),Málaga,0–0,Barcelona,24820,Estadio La Rosaleda,Alejandro Hernández,Match Report,
5,Wed,2014-09-24,22:00 (01:30),Granada,0–1,Levante,15731,Estadio Nuevo Los Cármenes,Alfonso Álvarez,Match Report,
5,Wed,2014-09-24,22:00 (01:30),Sevilla,1–0,Real Sociedad,29456,Estadio Ramón Sánchez Pizjuán,Antonio Matéu Lahoz,Match Report,
5,Thu,2014-09-25,20:00 (23:30),Espanyol,2–0,Getafe,15000,RCDE Stadium,David Fernández,Match Report,
5,Thu,2014-09-25,22:00 (01:30),Valencia,3–0,Córdoba,36000,Estadio de Mestalla,Iñaki Bikandi,Match Report,
6,Fri,2014-09-26,21:00 (00:30),Elche,0–1,Celta Vigo,20852,Estadio Manuel Martínez Valero,Pedro Pérez,Match Report,
6,Sat,2014-09-27,16:00 (19:30),Villarreal,0–2,Real Madrid,22146,Estadio de la Cerámica,Alberto Undiano,Match Report,
6,Sat,2014-09-27,18:00 (21:30),Barcelona,6–0,Granada,72596,Camp Nou,Juan Martínez,Match Report,
6,Sat,2014-09-27,20:00 (23:30),Atlético Madrid,4–0,Sevilla,52000,Estadio Vicente Calderón,José González,Match Report,
6,Sat,2014-09-27,22:00 (01:30),Levante,0–2,Rayo Vallecano,18000,Estadio Ciudad de Valencia,Javier Estrada,Match Report,
6,Sat,2014-09-27,22:00 (01:30),Athletic Club,0–0,Eibar,45000,San Mamés,Carlos Velasco,Match Report,
6,Sun,2014-09-28,12:00 (15:30),Getafe,1–0,Málaga,5500,Coliseum Alfonso Pérez,Eduardo Prieto,Match Report,
6,Sun,2014-09-28,17:00 (20:30),La Coruña,0–1,Almería,18000,Estadio Municipal de Riazor,José Teixeira,Match Report,
6,Sun,2014-09-28,19:00 (22:30),Real Sociedad,1–1,Valencia,25168,Estadio Municipal de Anoeta,Ignacio Iglesias,Match Report,
6,Sun,2014-09-28,21:00 (00:30),Córdoba,0–0,Espanyol,24000,Estadio Nuevo Arcángel,Santiago Jaime,Match Report,
7,Fri,2014-10-03,21:00 (00:30),Getafe,1–1,Córdoba,9000,Coliseum Alfonso Pérez,Juan Martínez,Match Report,
7,Sat,2014-10-04,16:00 (19:30),Valencia,3–1,Atlético Madrid,44000,Estadio de Mestalla,Fernando Teixeira,Match Report,
7,Sat,2014-10-04,18:00 (21:30),Rayo Vallecano,0–2,Barcelona,14070,Estadio del Rayo Vallecano,Antonio Matéu Lahoz,Match Report,
7,Sat,2014-10-04,20:00 (23:30),Eibar,3–3,Levante,4265,Estadio Municipal de Ipurúa,Alberto Undiano,Match Report,
7,Sat,2014-10-04,22:00 (01:30),Almería,2–2,Elche,9000,Estadio de los Juegos Mediterráneos,Carlos del Cerro,Match Report,
7,Sat,2014-10-04,22:00 (01:30),Málaga,2–1,Granada,19000,Estadio La Rosaleda,Carlos Velasco,Match Report,
7,Sun,2014-10-05,12:00 (15:30),Sevilla,4–1,La Coruña,31000,Estadio Ramón Sánchez Pizjuán,Jesús Gil,Match Report,
7,Sun,2014-10-05,17:00 (20:30),Celta Vigo,1–3,Villarreal,23000,Estadio de Balaídos,Alfonso Álvarez,Match Report,
7,Sun,2014-10-05,19:00 (22:30),Espanyol,2–0,Real Sociedad,18326,RCDE Stadium,Mario Melero,Match Report,
7,Sun,2014-10-05,21:00 (00:30),Real Madrid,5–0,Athletic Club,77987,Estadio Santiago Bernabéu,Alejandro Hernández,Match Report,
8,Fri,2014-10-17,21:00 (00:30),Granada,0–1,Rayo Vallecano,19000,Estadio Nuevo Los Cármenes,Santiago Jaime,Match Report,
8,Sat,2014-10-18,16:00 (19:30),Levante,0–5,Real Madrid,230506,Estadio Ciudad de Valencia,Ignacio Iglesias,Match Report,
8,Sat,2014-10-18,18:00 (21:30),Athletic Club,1–1,Celta Vigo,35600,San Mamés,David Fernández,Match Report,
8,Sat,2014-10-18,20:00 (23:30),Barcelona,3–0,Eibar,75546,Camp Nou,José Teixeira,Match Report,
8,Sat,2014-10-18,22:00 (01:30),Córdoba,1–2,Málaga,17000,Estadio Nuevo Arcángel,José González,Match Report,
8,Sun,2014-10-19,12:00 (15:30),Atlético Madrid,2–0,Espanyol,54069,Estadio Vicente Calderón,Iñaki Bikandi,Match Report,
8,Sun,2014-10-19,17:00 (20:30),La Coruña,3–0,Valencia,21908,Estadio Municipal de Riazor,Javier Estrada,Match Report,
8,Sun,2014-10-19,19:00 (22:30),Elche,0–2,Sevilla,26059,Estadio Manuel Martínez Valero,Eduardo Prieto,Match Report,
8,Sun,2014-10-19,21:00 (00:30),Villarreal,2–0,Almería,19000,Estadio de la Cerámica,Carlos Clos Gómez,Match Report,
8,Mon,2014-10-20,20:45 (00:15),Real Sociedad,1–2,Getafe,19098,Estadio Municipal de Anoeta,Pedro Pérez,Match Report,
9,Fri,2014-10-24,21:00 (00:30),Celta Vigo,3–0,Levante,19231,Estadio de Balaídos,Fernando Teixeira,Match Report,
9,Sat,2014-10-25,16:00 (19:30),Almería,0–1,Athletic Club,10000,Estadio de los Juegos Mediterráneos,Juan Martínez,Match Report,
9,Sat,2014-10-25,18:00 (21:30),Real Madrid,3–1,Barcelona,84000,Estadio Santiago Bernabéu,Jesús Gil,Match Report,
9,Sat,2014-10-25,20:00 (23:30),Valencia,3–1,Elche,42783,Estadio de Mestalla,Alberto Undiano,Match Report,
9,Sat,2014-10-25,22:00 (01:30),Córdoba,1–1,Real Sociedad,15712,Estadio Nuevo Arcángel,Carlos del Cerro,Match Report,
9,Sat,2014-10-25,22:00 (01:30),Eibar,1–1,Granada,4838,Estadio Municipal de Ipurúa,Antonio Matéu Lahoz,Match Report,
9,Sun,2014-10-26,12:00 (16:30),Málaga,4–0,Rayo Vallecano,21800,Estadio La Rosaleda,Alfonso Álvarez,Match Report,
9,Sun,2014-10-26,17:00 (21:30),Espanyol,0–0,La Coruña,22732,RCDE Stadium,Carlos Velasco,Match Report,
9,Sun,2014-10-26,19:00 (23:30),Sevilla,2–1,Villarreal,34500,Estadio Ramón Sánchez Pizjuán,Alejandro Hernández,Match Report,
9,Sun,2014-10-26,21:00 (01:30),Getafe,0–1,Atlético Madrid,9300,Coliseum Alfonso Pérez,Mario Melero,Match Report,
10,Fri,2014-10-31,20:45 (01:15),La Coruña,1–2,Getafe,20150,Estadio Municipal de Riazor,Alejandro Hernández,Match Report,
10,Sat,2014-11-01,16:00 (20:30),Granada,0–4,Real Madrid,21800,Estadio Nuevo Los Cármenes,José González,Match Report,
10,Sat,2014-11-01,18:00 (22:30),Atlético Madrid,4–2,Córdoba,48600,Estadio Vicente Calderón,Carlos Clos Gómez,Match Report,
10,Sat,2014-11-01,20:00 (00:30),Barcelona,0–1,Celta Vigo,71468,Camp Nou,Iñaki Bikandi,Match Report,
10,Sat,2014-11-01,22:00 (02:30),Real Sociedad,0–1,Málaga,21086,Estadio Municipal de Anoeta,Santiago Jaime,Match Report,
10,Sun,2014-11-02,12:00 (16:30),Athletic Club,1–0,Sevilla,42000,San Mamés,Javier Estrada,Match Report,
10,Sun,2014-11-02,17:00 (21:30),Villarreal,1–3,Valencia,23000,Estadio de la Cerámica,Pedro Pérez,Match Report,
10,Sun,2014-11-02,19:00 (23:30),Levante,2–1,Almería,16000,Estadio Ciudad de Valencia,Eduardo Prieto,Match Report,
10,Sun,2014-11-02,21:00 (01:30),Elche,2–1,Espanyol,21472,Estadio Manuel Martínez Valero,José Teixeira,Match Report,
10,Mon,2014-11-03,20:45 (01:15),Rayo Vallecano,2–3,Eibar,10625,Estadio del Rayo Vallecano,Ignacio Iglesias,Match Report,
11,Fri,2014-11-07,20:45 (01:15),Córdoba,0–0,La Coruña,15643,Estadio Nuevo Arcángel,Antonio Matéu Lahoz,Match Report,
11,Sat,2014-11-08,16:00 (20:30),Almería,1–2,Barcelona,12606,Estadio de los Juegos Mediterráneos,Alberto Undiano,Match Report,
11,Sat,2014-11-08,18:00 (22:30),Getafe,0–0,Elche,6000,Coliseum Alfonso Pérez,David Fernández,Match Report,
11,Sat,2014-11-08,20:00 (00:30),Real Madrid,5–1,Rayo Vallecano,76842,Estadio Santiago Bernabéu,Pedro Pérez,Match Report,
11,Sat,2014-11-08,22:00 (02:30),Málaga,2–1,Eibar,22600,Estadio La Rosaleda,Juan Martínez,Match Report,
11,Sat,2014-11-08,22:00 (02:30),Celta Vigo,0–0,Granada,20000,Estadio de Balaídos,Javier Estrada,Match Report,
11,Sun,2014-11-09,12:00 (16:30),Sevilla,1–1,Levante,28500,Estadio Ramón Sánchez Pizjuán,Carlos Velasco,Match Report,
11,Sun,2014-11-09,17:00 (21:30),Espanyol,1–1,Villarreal,22000,RCDE Stadium,Jesús Gil,Match Report,
11,Sun,2014-11-09,19:00 (23:30),Valencia,0–0,Athletic Club,39600,Estadio de Mestalla,Carlos del Cerro,Match Report,
11,Sun,2014-11-09,21:00 (01:30),Real Sociedad,2–1,Atlético Madrid,22768,Estadio Municipal de Anoeta,Alfonso Álvarez,Match Report,
12,Fri,2014-11-21,20:45 (01:15),Athletic Club,3–1,Espanyol,28000,San Mamés,Mario Melero,Match Report,
12,Sat,2014-11-22,16:00 (20:30),Atlético Madrid,3–1,Málaga,44200,Estadio Vicente Calderón,Fernando Teixeira,Match Report,
12,Sat,2014-11-22,18:00 (22:30),Eibar,0–4,Real Madrid,5859,Estadio Municipal de Ipurúa,David Fernández,Match Report,
12,Sat,2014-11-22,20:00 (00:30),Barcelona,5–1,Sevilla,78283,Camp Nou,Carlos Clos Gómez,Match Report,
12,Sat,2014-11-22,22:00 (02:30),La Coruña,0–0,Real Sociedad,18521,Estadio Municipal de Riazor,Eduardo Moya,Match Report,
12,Sun,2014-11-23,12:00 (16:30),Rayo Vallecano,1–0,Celta Vigo,7100,Estadio del Rayo Vallecano,José González,Match Report,
12,Sun,2014-11-23,17:00 (21:30),Levante,2–1,Valencia,17200,Estadio Ciudad de Valencia,Iñaki Bikandi,Match Report,
12,Sun,2014-11-23,19:00 (23:30),Elche,2–2,Córdoba,22636,Estadio Manuel Martínez Valero,Alejandro Hernández,Match Report,
12,Sun,2014-11-23,21:00 (01:30),Villarreal,2–1,Getafe,19500,Estadio de la Cerámica,Santiago Jaime,Match Report,
12,Mon,2014-11-24,20:45 (01:15),Granada,0–0,Almería,16500,Estadio Nuevo Los Cármenes,Ignacio Iglesias,Match Report,
13,Fri,2014-11-28,20:45 (01:15),Real Sociedad,3–0,Elche,17000,Estadio Municipal de Anoeta,Carlos Velasco,Match Report,
13,Sat,2014-11-29,16:00 (20:30),Getafe,1–2,Athletic Club,8100,Coliseum Alfonso Pérez,Alfonso Álvarez,Match Report,
13,Sat,2014-11-29,18:00 (22:30),Espanyol,2–1,Levante,12723,RCDE Stadium,Carlos del Cerro,Match Report,
13,Sat,2014-11-29,20:00 (00:30),Málaga,1–2,Real Madrid,29025,Estadio La Rosaleda,Iñaki Bikandi,Match Report,
13,Sat,2014-11-29,22:00 (02:30),Celta Vigo,0–1,Eibar,16000,Estadio de Balaídos,Pedro Pérez,Match Report,
13,Sun,2014-11-30,12:00 (16:30),Atlético Madrid,2–0,La Coruña,45000,Estadio Vicente Calderón,José Teixeira,Match Report,
13,Sun,2014-11-30,17:00 (21:30),Sevilla,5–1,Granada,30347,Estadio Ramón Sánchez Pizjuán,Eduardo Prieto,Match Report,
13,Sun,2014-11-30,19:00 (23:30),Córdoba,0–2,Villarreal,15998,Estadio Nuevo Arcángel,Javier Estrada,Match Report,
13,Sun,2014-11-30,21:00 (01:30),Valencia,0–1,Barcelona,51200,Estadio de Mestalla,David Fernández,Match Report,
13,Mon,2014-12-01,20:45 (01:15),Almería,0–1,Rayo Vallecano,8500,Estadio de los Juegos Mediterráneos,Antonio Matéu Lahoz,Match Report,
14,Sat,2014-12-06,16:00 (20:30),Elche,0–2,Atlético Madrid,18290,Estadio Manuel Martínez Valero,Iñaki Bikandi,Match Report,
14,Sat,2014-12-06,18:00 (22:30),Athletic Club,0–1,Córdoba,38500,San Mamés,Santiago Jaime,Match Report,
14,Sat,2014-12-06,20:00 (00:30),Real Madrid,3–0,Celta Vigo,80300,Estadio Santiago Bernabéu,Alberto Undiano,Match Report,
14,Sat,2014-12-06,22:00 (02:30),La Coruña,0–1,Málaga,19000,Estadio Municipal de Riazor,Jesús Gil,Match Report,
14,Sun,2014-12-07,12:00 (16:30),Rayo Vallecano,0–1,Sevilla,11604,Estadio del Rayo Vallecano,Alfonso Álvarez,Match Report,
14,Sun,2014-12-07,17:00 (21:30),Barcelona,5–1,Espanyol,76057,Camp Nou,Ignacio Iglesias,Match Report,
14,Sun,2014-12-07,19:00 (23:30),Villarreal,4–0,Real Sociedad,16000,Estadio de la Cerámica,Fernando Teixeira,Match Report,
14,Sun,2014-12-07,21:00 (01:30),Granada,1–1,Valencia,18300,Estadio Nuevo Los Cármenes,Alejandro Hernández,Match Report,
14,Mon,2014-12-08,17:00 (21:30),Eibar,5–2,Almería,4200,Estadio Municipal de Ipurúa,José González,Match Report,
14,Mon,2014-12-08,19:00 (23:30),Levante,1–1,Getafe,13582,Estadio Ciudad de Valencia,Mario Melero,Match Report,
15,Fri,2014-12-12,20:45 (01:15),Almería,1–4,Real Madrid,15000,Estadio de los Juegos Mediterráneos,Alfonso Álvarez,Match Report,
15,Sat,2014-12-13,16:00 (20:30),Getafe,0–0,Barcelona,9500,Coliseum Alfonso Pérez,Iñaki Bikandi,Match Report,
15,Sat,2014-12-13,18:00 (22:30),Valencia,3–0,Rayo Vallecano,41000,Estadio de Mestalla,José Teixeira,Match Report,
15,Sat,2014-12-13,20:00 (00:30),Córdoba,0–0,Levante,14000,Estadio Nuevo Arcángel,Eduardo Prieto,Match Report,
15,Sat,2014-12-13,22:00 (02:30),Málaga,1–0,Celta Vigo,27000,Estadio La Rosaleda,Carlos del Cerro,Match Report,
15,Sun,2014-12-14,12:00 (16:30),Espanyol,2–1,Granada,18405,RCDE Stadium,Santiago Jaime,Match Report,
15,Sun,2014-12-14,17:00 (21:30),Sevilla,0–0,Eibar,20000,Estadio Ramón Sánchez Pizjuán,Javier Estrada,Match Report,
15,Sun,2014-12-14,19:00 (23:30),Atlético Madrid,0–1,Villarreal,37000,Estadio Vicente Calderón,Pedro Pérez,Match Report,
15,Sun,2014-12-14,21:00 (01:30),Real Sociedad,1–1,Athletic Club,26651,Estadio Municipal de Anoeta,David Fernández,Match Report,
15,Mon,2014-12-15,20:45 (01:15),La Coruña,1–0,Elche,14167,Estadio Municipal de Riazor,Mario Melero,Match Report,
16,Fri,2014-12-19,20:45 (01:15),Celta Vigo,0–1,Almería,13200,Estadio de Balaídos,Jesús Gil,Match Report,
16,Sat,2014-12-20,16:00 (20:30),Barcelona,5–0,Córdoba,60066,Camp Nou,Antonio Matéu Lahoz,Match Report,
16,Sat,2014-12-20,18:00 (22:30),Levante,1–1,Real Sociedad,16800,Estadio Ciudad de Valencia,Santiago Jaime,Match Report,
16,Sat,2014-12-20,20:00 (00:30),Eibar,0–1,Valencia,4700,Estadio Municipal de Ipurúa,Carlos Velasco,Match Report,
16,Sat,2014-12-20,22:00 (02:30),Rayo Vallecano,1–3,Espanyol,7776,Estadio del Rayo Vallecano,Juan Martínez,Match Report,
16,Sun,2014-12-21,12:00 (16:30),Villarreal,3–0,La Coruña,16000,Estadio de la Cerámica,José González,Match Report,
16,Sun,2014-12-21,17:00 (21:30),Granada,1–1,Getafe,19600,Estadio Nuevo Los Cármenes,Fernando Teixeira,Match Report,
16,Sun,2014-12-21,19:00 (23:30),Elche,1–2,Málaga,24134,Estadio Manuel Martínez Valero,Alberto Undiano,Match Report,
16,Sun,2014-12-21,21:00 (01:30),Athletic Club,1–4,Atlético Madrid,46500,San Mamés,Alejandro Hernández,Match Report,
17,Sat,2015-01-03,16:00 (20:30),Atlético Madrid,3–1,Levante,52163,Estadio Vicente Calderón,Alfonso Álvarez,Match Report,
17,Sat,2015-01-03,18:00 (22:30),Sevilla,1–0,Celta Vigo,31253,Estadio Ramón Sánchez Pizjuán,Carlos Velasco,Match Report,
17,Sat,2015-01-03,20:00 (00:30),Elche,2–2,Villarreal,18283,Estadio Manuel Martínez Valero,Carlos Clos Gómez,Match Report,
17,Sat,2015-01-03,22:00 (02:30),La Coruña,1–0,Athletic Club,16200,Estadio Municipal de Riazor,Alberto Undiano,Match Report,
17,Sat,2015-01-03,22:00 (02:30),Málaga,1–2,Almería,19500,Estadio La Rosaleda,Fernando Teixeira,Match Report,
17,Sun,2015-01-04,12:00 (16:30),Getafe,1–2,Rayo Vallecano,6500,Coliseum Alfonso Pérez,Alejandro Hernández,Match Report,
17,Sun,2015-01-04,17:00 (21:30),Valencia,2–1,Real Madrid,54800,Estadio de Mestalla,Jesús Gil,Match Report,
17,Sun,2015-01-04,19:00 (23:30),Espanyol,1–2,Eibar,19136,RCDE Stadium,Antonio Matéu Lahoz,Match Report,
17,Sun,2015-01-04,21:00 (01:30),Real Sociedad,1–0,Barcelona,28748,Estadio Municipal de Anoeta,Carlos del Cerro,Match Report,
17,Mon,2015-01-05,20:45 (01:15),Córdoba,2–0,Granada,18600,Estadio Nuevo Arcángel,Iñaki Bikandi,Match Report,
18,Fri,2015-01-09,20:45 (01:15),Levante,0–0,La Coruña,12560,Estadio Ciudad de Valencia,Pedro Pérez,Match Report,
18,Sat,2015-01-10,16:00 (20:30),Real Madrid,3–0,Espanyol,74896,Estadio Santiago Bernabéu,David Fernández,Match Report,
18,Sat,2015-01-10,18:00 (22:30),Málaga,1–1,Villarreal,22077,Estadio La Rosaleda,Santiago Jaime,Match Report,
18,Sat,2015-01-10,20:00 (00:30),Celta Vigo,1–1,Valencia,19218,Estadio de Balaídos,José González,Match Report,
18,Sat,2015-01-10,22:00 (02:30),Eibar,2–1,Getafe,4115,Estadio Municipal de Ipurúa,Carlos Clos Gómez,Match Report,
18,Sun,2015-01-11,12:00 (16:30),Almería,0–2,Sevilla,12703,Estadio de los Juegos Mediterráneos,Eduardo Prieto,Match Report,
18,Sun,2015-01-11,17:00 (21:30),Athletic Club,1–2,Elche,40000,San Mamés,Ignacio Iglesias,Match Report,
18,Sun,2015-01-11,19:00 (23:30),Granada,1–1,Real Sociedad,14637,Estadio Nuevo Los Cármenes,Juan Martínez,Match Report,
18,Sun,2015-01-11,21:00 (01:30),Barcelona,3–1,Atlético Madrid,81658,Camp Nou,Alberto Undiano,Match Report,
18,Mon,2015-01-12,20:45 (01:15),Rayo Vallecano,0–1,Córdoba,10620,Estadio del Rayo Vallecano,Javier Estrada,Match Report,
19,Fri,2015-01-16,20:45 (01:15),Córdoba,1–1,Eibar,16131,Estadio Nuevo Arcángel,Fernando Teixeira,Match Report,
19,Sat,2015-01-17,16:00 (20:30),Real Sociedad,0–1,Rayo Vallecano,21542,Estadio Municipal de Anoeta,Mario Melero,Match Report,
19,Sat,2015-01-17,18:00 (22:30),Valencia,3–2,Almería,43391,Estadio de Mestalla,Iñaki Bikandi,Match Report,
19,Sat,2015-01-17,20:00 (00:30),Villarreal,2–0,Athletic Club,16108,Estadio de la Cerámica,Javier Estrada,Match Report,
19,Sat,2015-01-17,22:00 (02:30),Espanyol,1–0,Celta Vigo,12710,RCDE Stadium,Eduardo Prieto,Match Report,
19,Sun,2015-01-18,12:00 (16:30),Getafe,0–3,Real Madrid,10591,Coliseum Alfonso Pérez,Pedro Pérez,Match Report,
19,Sun,2015-01-18,17:00 (21:30),Atlético Madrid,2–0,Granada,42000,Estadio Vicente Calderón,Ignacio Iglesias,Match Report,
19,Sun,2015-01-18,19:00 (23:30),La Coruña,0–4,Barcelona,25173,Estadio Municipal de Riazor,Juan Martínez,Match Report,
19,Sun,2015-01-18,21:00 (01:30),Elche,1–0,Levante,14726,Estadio Manuel Martínez Valero,Carlos Velasco,Match Report,
19,Sun,2015-01-18,21:00 (01:30),Sevilla,2–0,Málaga,23719,Estadio Ramón Sánchez Pizjuán,José Teixeira,Match Report,
20,Sat,2015-01-24,16:00 (20:30),Córdoba,1–2,Real Madrid,21495,Estadio Nuevo Arcángel,Alejandro Hernández,Match Report,
20,Sat,2015-01-24,18:00 (22:30),Elche,0–6,Barcelona,28235,Estadio Manuel Martínez Valero,Carlos Clos Gómez,Match Report,
20,Sat,2015-01-24,20:00 (00:30),Atlético Madrid,3–1,Rayo Vallecano,37202,Estadio Vicente Calderón,Iñaki Bikandi,Match Report,
20,Sat,2015-01-24,22:00 (02:30),Villarreal,1–0,Levante,12284,Estadio de la Cerámica,David Fernández,Match Report,
20,Sat,2015-01-24,22:00 (02:30),Real Sociedad,1–0,Eibar,22368,Estadio Municipal de Anoeta,José González,Match Report,
20,Sun,2015-01-25,12:00 (16:30),La Coruña,2–2,Granada,18827,Estadio Municipal de Riazor,Carlos del Cerro,Match Report,
20,Sun,2015-01-25,17:00 (21:30),Athletic Club,1–1,Málaga,41200,San Mamés,Alfonso Álvarez,Match Report,
20,Sun,2015-01-25,19:00 (23:30),Espanyol,3–0,Almería,16792,RCDE Stadium,Alberto Undiano,Match Report,
20,Sun,2015-01-25,21:00 (01:30),Valencia,3–1,Sevilla,46704,Estadio de Mestalla,Santiago Jaime,Match Report,
20,Mon,2015-01-26,20:45 (01:15),Getafe,2–1,Celta Vigo,4570,Coliseum Alfonso Pérez,Antonio Matéu Lahoz,Match Report,
21,Fri,2015-01-30,20:45 (01:15),Rayo Vallecano,1–2,La Coruña,10724,Estadio del Rayo Vallecano,Eduardo Prieto,Match Report,
21,Sat,2015-01-31,16:00 (20:30),Real Madrid,4–1,Real Sociedad,71653,Estadio Santiago Bernabéu,Alfonso Álvarez,Match Report,
21,Sat,2015-01-31,18:00 (22:30),Eibar,1–3,Atlético Madrid,4238,Estadio Municipal de Ipurúa,Pedro Pérez,Match Report,
21,Sat,2015-01-31,20:00 (00:30),Granada,1–0,Elche,15230,Estadio Nuevo Los Cármenes,Jesús Gil,Match Report,
21,Sat,2015-01-31,22:00 (02:30),Celta Vigo,1–0,Córdoba,15502,Estadio de Balaídos,José Teixeira,Match Report,
21,Sun,2015-02-01,12:00 (16:30),Levante,0–2,Athletic Club,16116,Estadio Ciudad de Valencia,Alejandro Hernández,Match Report,
21,Sun,2015-02-01,17:00 (21:30),Almería,1–0,Getafe,8575,Estadio de los Juegos Mediterráneos,Ignacio Iglesias,Match Report,
21,Sun,2015-02-01,19:00 (23:30),Sevilla,3–2,Espanyol,27955,Estadio Ramón Sánchez Pizjuán,José González,Match Report,
21,Sun,2015-02-01,21:00 (01:30),Barcelona,3–2,Villarreal,60005,Camp Nou,Iñaki Bikandi,Match Report,
21,Mon,2015-02-02,20:45 (01:15),Málaga,1–0,Valencia,20191,Estadio La Rosaleda,Carlos Clos Gómez,Match Report,
16,Wed,2015-02-04,20:45 (01:15),Real Madrid,2–1,Sevilla,67126,Estadio Santiago Bernabéu,Ignacio Iglesias,Match Report,
22,Fri,2015-02-06,20:45 (01:15),La Coruña,2–0,Eibar,16898,Estadio Municipal de Riazor,Carlos Velasco,Match Report,
22,Sat,2015-02-07,16:00 (20:30),Atlético Madrid,4–0,Real Madrid,52063,Estadio Vicente Calderón,David Fernández,Match Report,
22,Sat,2015-02-07,18:00 (22:30),Villarreal,2–0,Granada,12419,Estadio de la Cerámica,Alberto Undiano,Match Report,
22,Sat,2015-02-07,20:00 (00:30),Levante,4–1,Málaga,10558,Estadio Ciudad de Valencia,Carlos del Cerro,Match Report,
22,Sat,2015-02-07,22:00 (02:30),Real Sociedad,1–1,Celta Vigo,14836,Estadio Municipal de Anoeta,Santiago Jaime,Match Report,
22,Sun,2015-02-08,12:00 (16:30),Córdoba,1–2,Almería,17117,Estadio Nuevo Arcángel,Fabián Blanco,Match Report,
22,Sun,2015-02-08,17:00 (21:30),Getafe,2–1,Sevilla,6386,Coliseum Alfonso Pérez,Javier Estrada,Match Report,
22,Sun,2015-02-08,19:00 (23:30),Espanyol,1–2,Valencia,18752,RCDE Stadium,Mario Melero,Match Report,
22,Sun,2015-02-08,21:00 (01:30),Athletic Club,2–5,Barcelona,44521,San Mamés,Antonio Matéu Lahoz,Match Report,
22,Mon,2015-02-09,20:45 (01:15),Elche,2–0,Rayo Vallecano,14162,Estadio Manuel Martínez Valero,Fernando Teixeira,Match Report,
23,Fri,2015-02-13,20:45 (01:15),Almería,2–2,Real Sociedad,8875,Estadio de los Juegos Mediterráneos,Carlos Velasco,Match Report,
23,Sat,2015-02-14,16:00 (20:30),Sevilla,3–0,Córdoba,29850,Estadio Ramón Sánchez Pizjuán,Iñaki Bikandi,Match Report,
23,Sat,2015-02-14,18:00 (22:30),Real Madrid,2–0,La Coruña,73671,Estadio Santiago Bernabéu,Javier Estrada,Match Report,
23,Sat,2015-02-14,20:00 (00:30),Granada,0–0,Athletic Club,14872,Estadio Nuevo Los Cármenes,Carlos Clos Gómez,Match Report,
23,Sat,2015-02-14,22:00 (02:30),Málaga,0–2,Espanyol,16181,Estadio La Rosaleda,Jesús Gil,Match Report,
23,Sun,2015-02-15,12:00 (16:30),Valencia,1–0,Getafe,48245,Estadio de Mestalla,José González,Match Report,
23,Sun,2015-02-15,17:00 (21:30),Barcelona,5–0,Levante,74963,Camp Nou,Mario Melero,Match Report,
23,Sun,2015-02-15,19:00 (23:30),Rayo Vallecano,2–0,Villarreal,10914,Estadio del Rayo Vallecano,Pedro Pérez,Match Report,
23,Sun,2015-02-15,21:00 (01:30),Celta Vigo,2–0,Atlético Madrid,22099,Estadio de Balaídos,Juan Martínez,Match Report,
23,Mon,2015-02-16,20:45 (01:15),Eibar,0–1,Elche,4109,Estadio Municipal de Ipurúa,Eduardo Prieto,Match Report,
24,Fri,2015-02-20,20:45 (01:15),Getafe,2–1,Espanyol,9614,Coliseum Alfonso Pérez,Alejandro Hernández,Match Report,
24,Sat,2015-02-21,16:00 (20:30),Barcelona,0–1,Málaga,78276,Camp Nou,Juan Martínez,Match Report,
24,Sat,2015-02-21,18:00 (22:30),Córdoba,1–2,Valencia,17036,Estadio Nuevo Arcángel,Alberto Undiano,Match Report,
24,Sat,2015-02-21,20:00 (00:30),Atlético Madrid,3–0,Almería,44000,Estadio Vicente Calderón,Antonio Matéu Lahoz,Match Report,
24,Sat,2015-02-21,22:00 (02:30),La Coruña,0–2,Celta Vigo,30334,Estadio Municipal de Riazor,Pedro Pérez,Match Report,
24,Sun,2015-02-22,12:00 (16:30),Real Sociedad,4–3,Sevilla,21378,Estadio Municipal de Anoeta,Fernando Teixeira,Match Report,
24,Sun,2015-02-22,17:00 (21:30),Athletic Club,1–0,Rayo Vallecano,40413,San Mamés,David Fernández,Match Report,
24,Sun,2015-02-22,19:00 (23:30),Villarreal,1–0,Eibar,13980,Estadio de la Cerámica,Mario Melero,Match Report,
24,Sun,2015-02-22,21:00 (01:30),Elche,0–2,Real Madrid,31512,Estadio Manuel Martínez Valero,Ignacio Iglesias,Match Report,
24,Mon,2015-02-23,20:45 (01:15),Levante,2–1,Granada,12117,Estadio Ciudad de Valencia,Alfonso Álvarez,Match Report,
25,Fri,2015-02-27,20:45 (01:15),Espanyol,1–0,Córdoba,17128,RCDE Stadium,Carlos del Cerro,Match Report,
25,Sat,2015-02-28,16:00 (20:30),Granada,1–3,Barcelona,18119,Estadio Nuevo Los Cármenes,Santiago Jaime,Match Report,
25,Sat,2015-02-28,18:00 (22:30),Rayo Vallecano,4–2,Levante,10512,Estadio del Rayo Vallecano,Iñaki Bikandi,Match Report,
25,Sat,2015-02-28,20:00 (00:30),Almería,0–0,La Coruña,8979,Estadio de los Juegos Mediterráneos,Jesús Gil,Match Report,
25,Sat,2015-02-28,22:00 (02:30),Málaga,3–2,Getafe,19939,Estadio La Rosaleda,Eduardo Prieto,Match Report,
25,Sun,2015-03-01,12:00 (16:30),Valencia,2–0,Real Sociedad,47007,Estadio de Mestalla,Javier Estrada,Match Report,
25,Sun,2015-03-01,17:00 (21:30),Eibar,0–1,Athletic Club,5226,Estadio Municipal de Ipurúa,Fernando Teixeira,Match Report,
25,Sun,2015-03-01,19:00 (23:30),Sevilla,0–0,Atlético Madrid,35984,Estadio Ramón Sánchez Pizjuán,Carlos Clos Gómez,Match Report,
25,Sun,2015-03-01,21:00 (01:30),Real Madrid,1–1,Villarreal,75108,Estadio Santiago Bernabéu,José González,Match Report,
25,Mon,2015-03-02,20:45 (01:15),Celta Vigo,1–1,Elche,14386,Estadio de Balaídos,Carlos Velasco,Match Report,
26,Fri,2015-03-06,20:45 (01:15),Levante,2–1,Eibar,16922,Estadio Ciudad de Valencia,David Fernández,Match Report,
26,Sat,2015-03-07,16:00 (20:30),La Coruña,3–4,Sevilla,21555,Estadio Municipal de Riazor,José Teixeira,Match Report,
26,Sat,2015-03-07,18:00 (22:30),Athletic Club,1–0,Real Madrid,48437,San Mamés,Alberto Undiano,Match Report,
26,Sat,2015-03-07,20:00 (00:30),Elche,1–0,Almería,23127,Estadio Manuel Martínez Valero,Carlos del Cerro,Match Report,
26,Sat,2015-03-07,22:00 (02:30),Granada,1–0,Málaga,16374,Estadio Nuevo Los Cármenes,Antonio Matéu Lahoz,Match Report,
26,Sun,2015-03-08,12:00 (16:30),Barcelona,6–1,Rayo Vallecano,87151,Camp Nou,Jesús Gil,Match Report,
26,Sun,2015-03-08,17:00 (21:30),Real Sociedad,1–0,Espanyol,23329,Estadio Municipal de Anoeta,Eduardo Prieto,Match Report,
26,Sun,2015-03-08,19:00 (23:30),Villarreal,4–1,Celta Vigo,14366,Estadio de la Cerámica,Carlos Clos Gómez,Match Report,
26,Sun,2015-03-08,21:00 (01:30),Atlético Madrid,1–1,Valencia,51180,Estadio Vicente Calderón,Santiago Jaime,Match Report,
26,Mon,2015-03-09,20:45 (01:15),Córdoba,1–2,Getafe,15183,Estadio Nuevo Arcángel,Alfonso Álvarez,Match Report,
27,Fri,2015-03-13,20:45 (01:15),Valencia,2–0,La Coruña,40247,Estadio de Mestalla,Alfonso Álvarez,Match Report,
27,Sat,2015-03-14,16:00 (20:30),Espanyol,0–0,Atlético Madrid,22538,RCDE Stadium,Iñaki Bikandi,Match Report,
27,Sat,2015-03-14,18:00 (22:30),Eibar,0–2,Barcelona,5439,Estadio Municipal de Ipurúa,Carlos del Cerro,Match Report,
27,Sat,2015-03-14,20:00 (00:30),Rayo Vallecano,3–1,Granada,10952,Estadio del Rayo Vallecano,Alejandro Hernández,Match Report,
27,Sat,2015-03-14,22:00 (02:30),Celta Vigo,1–2,Athletic Club,18656,Estadio de Balaídos,Antonio Matéu Lahoz,Match Report,
27,Sun,2015-03-15,12:00 (16:30),Almería,0–0,Villarreal,9479,Estadio de los Juegos Mediterráneos,Alberto Undiano,Match Report,
27,Sun,2015-03-15,17:00 (21:30),Málaga,2–0,Córdoba,24547,Estadio La Rosaleda,José González,Match Report,
27,Sun,2015-03-15,19:00 (23:30),Sevilla,3–0,Elche,31324,Estadio Ramón Sánchez Pizjuán,Javier Estrada,Match Report,
27,Sun,2015-03-15,21:00 (01:30),Real Madrid,2–0,Levante,64861,Estadio Santiago Bernabéu,Pedro Pérez,Match Report,
27,Mon,2015-03-16,20:45 (01:15),Getafe,0–1,Real Sociedad,5500,Coliseum Alfonso Pérez,Mario Melero,Match Report,
28,Fri,2015-03-20,20:45 (01:15),Elche,0–4,Valencia,26510,Estadio Manuel Martínez Valero,David Fernández,Match Report,
28,Sat,2015-03-21,16:00 (20:30),Atlético Madrid,2–0,Getafe,38673,Estadio Vicente Calderón,Juan Martínez,Match Report,
28,Sat,2015-03-21,18:00 (22:30),Rayo Vallecano,1–0,Málaga,9110,Estadio del Rayo Vallecano,Santiago Jaime,Match Report,
28,Sat,2015-03-21,20:00 (00:30),Levante,0–1,Celta Vigo,11463,Estadio Ciudad de Valencia,José Teixeira,Match Report,
28,Sat,2015-03-21,22:00 (02:30),Athletic Club,2–1,Almería,35429,San Mamés,Eduardo Prieto,Match Report,
28,Sat,2015-03-21,22:00 (02:30),Granada,0–0,Eibar,15203,Estadio Nuevo Los Cármenes,Alberto Undiano,Match Report,
28,Sun,2015-03-22,12:00 (16:30),La Coruña,0–0,Espanyol,19957,Estadio Municipal de Riazor,Fernando Teixeira,Match Report,
28,Sun,2015-03-22,17:00 (21:30),Villarreal,0–2,Sevilla,9788,Estadio de la Cerámica,Alejandro Hernández,Match Report,
28,Sun,2015-03-22,19:00 (23:30),Real Sociedad,3–1,Córdoba,21169,Estadio Municipal de Anoeta,Carlos Velasco,Match Report,
28,Sun,2015-03-22,21:00 (01:30),Barcelona,2–1,Real Madrid,98760,Camp Nou,Antonio Matéu Lahoz,Match Report,
29,Fri,2015-04-03,20:45 (00:15),Eibar,1–2,Rayo Vallecano,4023,Estadio Municipal de Ipurúa,Ignacio Iglesias,Match Report,
29,Sat,2015-04-04,16:00 (19:30),Sevilla,2–0,Athletic Club,27752,Estadio Ramón Sánchez Pizjuán,Alfonso Álvarez,Match Report,
29,Sat,2015-04-04,18:00 (21:30),Córdoba,0–2,Atlético Madrid,17659,Estadio Nuevo Arcángel,Javier Estrada,Match Report,
29,Sat,2015-04-04,20:00 (23:30),Almería,1–4,Levante,9603,Estadio de los Juegos Mediterráneos,José González,Match Report,
29,Sat,2015-04-04,22:00 (01:30),Málaga,1–1,Real Sociedad,20499,Estadio La Rosaleda,Carlos del Cerro,Match Report,
29,Sun,2015-04-05,12:00 (15:30),Real Madrid,9–1,Granada,71863,Estadio Santiago Bernabéu,Jesús Gil,Match Report,
29,Sun,2015-04-05,17:00 (20:30),Valencia,0–0,Villarreal,41830,Estadio de Mestalla,Mario Melero,Match Report,
29,Sun,2015-04-05,19:00 (22:30),Getafe,2–1,La Coruña,6287,Coliseum Alfonso Pérez,Carlos Clos Gómez,Match Report,
29,Sun,2015-04-05,21:00 (00:30),Celta Vigo,0–1,Barcelona,23759,Estadio de Balaídos,Iñaki Bikandi,Match Report,
29,Mon,2015-04-06,20:00 (23:30),Espanyol,1–1,Elche,13892,RCDE Stadium,Pedro Pérez,Match Report,
30,Tue,2015-04-07,20:00 (23:30),Atlético Madrid,2–0,Real Sociedad,40238,Estadio Vicente Calderón,Alberto Undiano,Match Report,
30,Tue,2015-04-07,22:00 (01:30),Eibar,1–0,Málaga,4008,Estadio Municipal de Ipurúa,Jesús Gil,Match Report,
30,Tue,2015-04-07,22:00 (01:30),Levante,1–2,Sevilla,11484,Estadio Ciudad de Valencia,Carlos Velasco,Match Report,
30,Wed,2015-04-08,20:00 (23:30),Barcelona,4–0,Almería,73837,Camp Nou,Alejandro Hernández,Match Report,
30,Wed,2015-04-08,20:00 (23:30),La Coruña,1–1,Córdoba,17602,Estadio Municipal de Riazor,Eduardo Prieto,Match Report,
30,Wed,2015-04-08,22:00 (01:30),Rayo Vallecano,0–2,Real Madrid,13016,Estadio del Rayo Vallecano,Mario Melero,Match Report,
30,Wed,2015-04-08,22:00 (01:30),Granada,1–1,Celta Vigo,14338,Estadio Nuevo Los Cármenes,Alfonso Álvarez,Match Report,
30,Thu,2015-04-09,20:00 (23:30),Athletic Club,1–1,Valencia,43034,San Mamés,Fernando Teixeira,Match Report,
30,Thu,2015-04-09,22:00 (01:30),Elche,0–1,Getafe,18088,Estadio Manuel Martínez Valero,José González,Match Report,
30,Thu,2015-04-09,22:00 (01:30),Villarreal,0–3,Espanyol,11830,Estadio de la Cerámica,Carlos del Cerro,Match Report,
31,Sat,2015-04-11,16:00 (19:30),Real Madrid,3–0,Eibar,73965,Estadio Santiago Bernabéu,Alejandro Hernández,Match Report,
31,Sat,2015-04-11,18:00 (21:30),Málaga,2–2,Atlético Madrid,26982,Estadio La Rosaleda,Antonio Matéu Lahoz,Match Report,
31,Sat,2015-04-11,20:00 (23:30),Sevilla,2–2,Barcelona,40355,Estadio Ramón Sánchez Pizjuán,Juan Martínez,Match Report,
31,Sat,2015-04-11,22:00 (01:30),Almería,3–0,Granada,8920,Estadio de los Juegos Mediterráneos,Santiago Jaime,Match Report,
31,Sat,2015-04-11,22:00 (01:30),Celta Vigo,6–1,Rayo Vallecano,16633,Estadio de Balaídos,Carlos Clos Gómez,Match Report,
31,Sun,2015-04-12,12:00 (15:30),Getafe,1–1,Villarreal,6745,Coliseum Alfonso Pérez,José Teixeira,Match Report,
31,Sun,2015-04-12,17:00 (20:30),Espanyol,1–0,Athletic Club,19054,RCDE Stadium,David Fernández,Match Report,
31,Sun,2015-04-12,19:00 (22:30),Real Sociedad,2–2,La Coruña,21894,Estadio Municipal de Anoeta,Pedro Pérez,Match Report,
31,Sun,2015-04-12,21:00 (00:30),Córdoba,0–2,Elche,14164,Estadio Nuevo Arcángel,Iñaki Bikandi,Match Report,
31,Mon,2015-04-13,20:30 (00:00),Valencia,3–0,Levante,41935,Estadio de Mestalla,Ignacio Iglesias,Match Report,
32,Fri,2015-04-17,20:45 (00:15),Levante,2–2,Espanyol,17062,Estadio Ciudad de Valencia,Mario Melero,Match Report,
32,Sat,2015-04-18,16:00 (19:30),Barcelona,2–0,Valencia,92915,Camp Nou,José González,Match Report,
32,Sat,2015-04-18,18:00 (21:30),La Coruña,1–2,Atlético Madrid,24693,Estadio Municipal de Riazor,David Fernández,Match Report,
32,Sat,2015-04-18,20:00 (23:30),Real Madrid,3–1,Málaga,78354,Estadio Santiago Bernabéu,Iñaki Bikandi,Match Report,
32,Sat,2015-04-18,22:00 (01:30),Athletic Club,4–0,Getafe,37220,San Mamés,Antonio Matéu Lahoz,Match Report,
32,Sun,2015-04-19,12:00 (15:30),Rayo Vallecano,2–0,Almería,10165,Estadio del Rayo Vallecano,Jesús Gil,Match Report,
32,Sun,2015-04-19,17:00 (20:30),Granada,1–1,Sevilla,18275,Estadio Nuevo Los Cármenes,Javier Estrada,Match Report,
32,Sun,2015-04-19,19:00 (22:30),Villarreal,0–0,Córdoba,23000,Estadio de la Cerámica,Ignacio Iglesias,Match Report,
32,Sun,2015-04-19,21:00 (00:30),Eibar,0–1,Celta Vigo,4520,Estadio Municipal de Ipurúa,Carlos Velasco,Match Report,
32,Mon,2015-04-20,20:45 (00:15),Elche,1–0,Real Sociedad,19159,Estadio Manuel Martínez Valero,Eduardo Prieto,Match Report,
33,Fri,2015-04-24,20:45 (00:15),Córdoba,0–1,Athletic Club,16472,Estadio Nuevo Arcángel,José Teixeira,Match Report,
33,Sat,2015-04-25,16:00 (19:30),Espanyol,0–2,Barcelona,30253,RCDE Stadium,Antonio Matéu Lahoz,Match Report,
33,Sat,2015-04-25,18:00 (21:30),Atlético Madrid,3–0,Elche,47531,Estadio Vicente Calderón,Carlos Clos Gómez,Match Report,
33,Sat,2015-04-25,20:00 (23:30),Getafe,0–1,Levante,5954,Coliseum Alfonso Pérez,Alfonso Álvarez,Match Report,
33,Sat,2015-04-25,22:00 (01:30),Real Sociedad,0–0,Villarreal,17073,Estadio Municipal de Anoeta,Jesús Gil,Match Report,
33,Sun,2015-04-26,12:00 (15:30),Málaga,1–1,La Coruña,23851,Estadio La Rosaleda,Javier Estrada,Match Report,
33,Sun,2015-04-26,17:00 (20:30),Almería,2–0,Eibar,10715,Estadio de los Juegos Mediterráneos,Carlos del Cerro,Match Report,
33,Sun,2015-04-26,19:00 (22:30),Sevilla,2–0,Rayo Vallecano,28532,Estadio Ramón Sánchez Pizjuán,Santiago Jaime,Match Report,
33,Sun,2015-04-26,21:00 (00:30),Celta Vigo,2–4,Real Madrid,25274,Estadio de Balaídos,Pedro Pérez,Match Report,
33,Mon,2015-04-27,20:45 (00:15),Valencia,4–0,Granada,36763,Estadio de Mestalla,Alberto Undiano,Match Report,
34,Tue,2015-04-28,20:00 (23:30),Barcelona,6–0,Getafe,65356,Camp Nou,David Fernández,Match Report,
34,Tue,2015-04-28,22:00 (01:30),Levante,1–0,Córdoba,14098,Estadio Ciudad de Valencia,Jesús Gil,Match Report,
34,Tue,2015-04-28,22:00 (01:30),Athletic Club,1–1,Real Sociedad,42322,San Mamés,Juan Martínez,Match Report,
34,Wed,2015-04-29,20:00 (23:30),Real Madrid,3–0,Almería,63813,Estadio Santiago Bernabéu,Ignacio Iglesias,Match Report,
34,Wed,2015-04-29,20:00 (23:30),Celta Vigo,1–0,Málaga,17205,Estadio de Balaídos,Alejandro Hernández,Match Report,
34,Wed,2015-04-29,20:00 (23:30),Eibar,1–3,Sevilla,5517,Estadio Municipal de Ipurúa,Eduardo Prieto,Match Report,
34,Wed,2015-04-29,22:00 (01:30),Elche,4–0,La Coruña,19251,Estadio Manuel Martínez Valero,Alfonso Álvarez,Match Report,
34,Wed,2015-04-29,22:00 (01:30),Villarreal,0–1,Atlético Madrid,18725,Estadio de la Cerámica,José González,Match Report,
34,Thu,2015-04-30,20:00 (23:30),Rayo Vallecano,1–1,Valencia,10055,Estadio del Rayo Vallecano,Iñaki Bikandi,Match Report,
34,Thu,2015-04-30,22:00 (01:30),Granada,1–2,Espanyol,15097,Estadio Nuevo Los Cármenes,Carlos Velasco,Match Report,
35,Fri,2015-05-01,20:45 (00:15),Real Sociedad,3–0,Levante,18821,Estadio Municipal de Anoeta,Carlos del Cerro,Match Report,
35,Sat,2015-05-02,16:00 (19:30),Córdoba,0–8,Barcelona,13775,Estadio Nuevo Arcángel,Carlos Clos Gómez,Match Report,
35,Sat,2015-05-02,18:00 (21:30),Atlético Madrid,0–0,Athletic Club,48452,Estadio Vicente Calderón,Santiago Jaime,Match Report,
35,Sat,2015-05-02,20:00 (23:30),Sevilla,2–3,Real Madrid,39689,Estadio Ramón Sánchez Pizjuán,José González,Match Report,
35,Sat,2015-05-02,22:00 (01:30),La Coruña,1–1,Villarreal,20817,Estadio Municipal de Riazor,Alejandro Hernández,Match Report,
35,Sun,2015-05-03,12:00 (15:30),Espanyol,1–1,Rayo Vallecano,16479,RCDE Stadium,Fernando Teixeira,Match Report,
35,Sun,2015-05-03,17:00 (20:30),Getafe,1–2,Granada,5897,Coliseum Alfonso Pérez,Eduardo Prieto,Match Report,
35,Sun,2015-05-03,19:00 (22:30),Valencia,3–1,Eibar,39320,Estadio de Mestalla,Javier Estrada,Match Report,
35,Sun,2015-05-03,21:00 (00:30),Málaga,1–2,Elche,18714,Estadio La Rosaleda,Alberto Undiano,Match Report,
35,Mon,2015-05-04,20:45 (00:15),Almería,2–2,Celta Vigo,10898,Estadio de los Juegos Mediterráneos,José Teixeira,Match Report,
36,Fri,2015-05-08,20:45 (00:15),Eibar,0–2,Espanyol,5648,Estadio Municipal de Ipurúa,José Teixeira,Match Report,
36,Sat,2015-05-09,16:00 (19:30),Granada,2–0,Córdoba,19266,Estadio Nuevo Los Cármenes,Fernando Teixeira,Match Report,
36,Sat,2015-05-09,18:00 (21:30),Barcelona,2–0,Real Sociedad,86047,Camp Nou,Ignacio Iglesias,Match Report,
36,Sat,2015-05-09,20:00 (23:30),Real Madrid,2–2,Valencia,79897,Estadio Santiago Bernabéu,Carlos Clos Gómez,Match Report,
36,Sat,2015-05-09,22:00 (01:30),Athletic Club,1–1,La Coruña,39670,San Mamés,Jesús Gil,Match Report,
36,Sun,2015-05-10,12:00 (15:30),Levante,2–2,Atlético Madrid,19314,Estadio Ciudad de Valencia,Alejandro Hernández,Match Report,
36,Sun,2015-05-10,17:00 (20:30),Villarreal,1–0,Elche,13629,Estadio de la Cerámica,Carlos del Cerro,Match Report,
36,Sun,2015-05-10,19:00 (22:30),Almería,1–2,Málaga,10690,Estadio de los Juegos Mediterráneos,Eduardo Prieto,Match Report,
36,Sun,2015-05-10,21:00 (00:30),Celta Vigo,1–1,Sevilla,18957,Estadio de Balaídos,Carlos Velasco,Match Report,
36,Mon,2015-05-11,20:45 (00:15),Rayo Vallecano,2–0,Getafe,9475,Estadio del Rayo Vallecano,Pedro Pérez,Match Report,
37,Sun,2015-05-17,19:00 (22:30),Villarreal,2–1,Málaga,13105,Estadio de la Cerámica,Carlos Velasco,Match Report,
37,Sun,2015-05-17,19:00 (22:30),La Coruña,2–0,Levante,30251,Estadio Municipal de Riazor,José González,Match Report,
37,Sun,2015-05-17,19:00 (22:30),Sevilla,2–1,Almería,32511,Estadio Ramón Sánchez Pizjuán,Iñaki Bikandi,Match Report,
37,Sun,2015-05-17,19:00 (22:30),Espanyol,1–4,Real Madrid,30180,RCDE Stadium,Juan Martínez,Match Report,
37,Sun,2015-05-17,19:00 (22:30),Córdoba,1–2,Rayo Vallecano,7619,Estadio Nuevo Arcángel,Antonio Matéu Lahoz,Match Report,
37,Sun,2015-05-17,19:00 (22:30),Real Sociedad,0–3,Granada,20644,Estadio Municipal de Anoeta,Javier Estrada,Match Report,
37,Sun,2015-05-17,19:00 (22:30),Elche,2–3,Athletic Club,22693,Estadio Manuel Martínez Valero,Alejandro Hernández,Match Report,
37,Sun,2015-05-17,19:00 (22:30),Valencia,1–1,Celta Vigo,44498,Estadio de Mestalla,Jesús Gil,Match Report,
37,Sun,2015-05-17,19:00 (22:30),Atlético Madrid,0–1,Barcelona,53254,Estadio Vicente Calderón,Alberto Undiano,Match Report,
37,Sun,2015-05-17,19:00 (22:30),Getafe,1–1,Eibar,8808,Coliseum Alfonso Pérez,Carlos Clos Gómez,Match Report,
38,Sat,2015-05-23,16:30 (20:00),Levante,0–0,Elche,11847,Estadio Ciudad de Valencia,Mario Melero,Match Report,
38,Sat,2015-05-23,18:30 (22:00),Celta Vigo,3–2,Espanyol,15000,Estadio de Balaídos,Carlos del Cerro,Match Report,
38,Sat,2015-05-23,18:30 (22:00),Málaga,2–3,Sevilla,23103,Estadio La Rosaleda,Ignacio Iglesias,Match Report,
38,Sat,2015-05-23,18:30 (22:00),Barcelona,2–2,La Coruña,93743,Camp Nou,Carlos Clos Gómez,Match Report,
38,Sat,2015-05-23,18:30 (22:00),Rayo Vallecano,2–4,Real Sociedad,9513,Estadio del Rayo Vallecano,Fernando Teixeira,Match Report,
38,Sat,2015-05-23,18:30 (22:00),Eibar,3–0,Córdoba,6065,Estadio Municipal de Ipurúa,Alfonso Álvarez,Match Report,
38,Sat,2015-05-23,18:30 (22:00),Athletic Club,4–0,Villarreal,43276,San Mamés,Eduardo Prieto,Match Report,
38,Sat,2015-05-23,18:30 (22:00),Almería,2–3,Valencia,11137,Estadio de los Juegos Mediterráneos,Alejandro Hernández,Match Report,
38,Sat,2015-05-23,18:30 (22:00),Granada,0–0,Atlético Madrid,28848,Estadio Nuevo Los Cármenes,José González,Match Report,
38,Sat,2015-05-23,20:30 (00:00),Real Madrid,7–3,Getafe,63769,Estadio Santiago Bernabéu,José Teixeira,Match Report,